state,district,csi,bio_dropoff_ratio,correction_pressure,child_total_enrol,fairness_index,category
Dadra And Nagar Haveli And Daman And Diu,Daman,0.2587693432210753,0.0,4.5625,13.5,0.12220634341171727,Critical
Orissa,Bargarh,0.2617742219268064,0.0,3.975,22.25,0.1791033393917041,Critical
Dadra And Nagar Haveli And Daman And Diu,Dadra And Nagar Haveli,0.2674794403607548,0.0,4.888888888888889,20.0,0.1463348451539012,Critical
Rajasthan,Jalore,0.2705088103430299,0.0,3.3333333333333335,160.33333333333334,0.06182487610106813,Critical
Chhattisgarh,Sarangarh-Bilaigarh,0.2729667896117888,0.0,5.0,45.75,0.08288934052698287,Critical
Karnataka,Gadag *,0.2774554269627776,0.0,4.638888888888889,36.25,0.1866878963686524,Critical
Rajasthan,Deeg,0.2796218460014597,0.0,3.078125,14.25,0.1197045717079482,Critical
Arunachal Pradesh,Anjaw,0.2967369039550968,0.0,5.0,8.5,0.5915019031983301,Critical
Delhi,Shahdara,0.3036406278703745,0.0,4.066026410564226,233.71428571428572,0.21080331621990264,At-Risk
Punjab,Firozpur,0.30445149315330344,0.0,3.223901098901099,98.75,0.10856569667242635,At-Risk
Pondicherry,Pondicherry,0.30944212021687,0.0,5.0,271.0,0.17659240584086952,At-Risk
Dadra & Nagar Haveli,Dadra & Nagar Haveli,0.3112619686859208,0.0,3.958333333333333,6.25,0.17616511555846215,At-Risk
Jharkhand,Pakaur,0.31155885074549056,0.0,2.8316176470588235,74.25,0.137900496102212,At-Risk
Odisha,Anugul,0.31168337069474855,0.0,3.117857142857143,39.0,0.12545261719812395,At-Risk
Orissa,Bhadrak,0.31362616428596257,0.0,3.9445652173913044,92.75,0.186654482726683,At-Risk
Andhra Pradesh,Adilabad,0.3162658460188371,0.0,4.409090909090909,354.5,0.1657247457373079,At-Risk
Chhattisgarh,Sakti,0.3216005999548187,0.0,4.615853658536585,113.25,0.10994107788916413,At-Risk
Karnataka,Bengaluru South,0.32422779167969973,0.0,2.55876530094884,49.5,0.1589314890986107,At-Risk
Chhattisgarh,Mohla-Manpur-Ambagarh Chouki,0.324528746567963,0.0,5.0,63.75,0.1804516974847486,At-Risk
Assam,Bajali,0.3291016643207173,0.0,3.6875,6.75,0.08677639633624071,At-Risk
Nagaland,Chumukedima,0.3302405901365864,0.0,3.2,26.8,0.296781944346298,At-Risk
Andhra Pradesh,Karimnagar,0.33242465809960725,0.0,4.392156862745098,164.75,0.18515221202229434,At-Risk
Andhra Pradesh,Nalgonda,0.3324470858096132,0.0,4.202500000000001,291.75,0.09947539528928358,At-Risk
Telangana,Komaram Bheem,0.3333216578910784,0.0,5.0,276.5,0.22828232057780468,At-Risk
Delhi,South East Delhi,0.3355313575226775,0.0,4.4125,13.75,0.15497854598018787,At-Risk
Chhattisgarh,Gaurela-Pendra-Marwahi,0.3385072376881104,0.0,5.0,33.75,0.2465011461333324,At-Risk
Punjab,Muktsar,0.33886939361554236,0.0,3.3125,83.5,0.08426411099273412,At-Risk
Telangana,Hanumakonda,0.3408116984673131,0.0,5.0,256.25,0.12719003402147788,At-Risk
Telangana,Nirmal,0.3423712660306537,0.0,5.0,349.5,0.21007158238911877,At-Risk
Sikkim,South,0.3427459119660793,0.0,1.9148503486196928,49.0,0.11297613943935128,At-Risk
Andhra Pradesh,Warangal,0.3429856658151739,0.0,5.0,264.75,0.18945409428369425,At-Risk
Pondicherry,Karaikal,0.3431552040975915,0.0,3.0833333333333335,40.5,0.055032118883041575,At-Risk
Dadra And Nagar Haveli,Dadra And Nagar Haveli,0.34385040880339207,0.0,5.0,185.0,0.38231033069067155,At-Risk
Telangana,Narayanpet,0.3449314461474299,0.0,5.0,326.5,0.20689235496227984,At-Risk
Chhattisgarh,Khairagarh Chhuikhadan Gandai,0.34562214358947624,0.0,4.563541666666667,61.5,0.10255325722314673,At-Risk
Telangana,Peddapalli,0.34627770609599273,0.0,4.6640625,146.25,0.18043800687743622,At-Risk
Uttarakhand,Garhwal,0.3466281865811698,0.0,2.375,14.0,0.07534128022149424,At-Risk
Madhya Pradesh,Pandhurna,0.34779774006881453,0.0,4.125,17.5,0.1626930711025121,At-Risk
Odisha,Subarnapur,0.34842913712508256,0.0,3.1450635386119257,99.75,0.19846839816143255,At-Risk
Andhra Pradesh,Nizamabad,0.3494918738921906,0.0,4.482758620689655,131.0,0.24842434306107344,At-Risk
Assam,Sribhumi,0.3506931954436451,0.0,3.75,39.5,0.04808736218050435,At-Risk
Andhra Pradesh,Khammam,0.35215973959962465,0.0,5.0,283.25,0.2768783201446038,At-Risk
Sikkim,East,0.35386381112501303,0.0,2.6405075187969924,92.0,0.20062068132519914,At-Risk
Chhattisgarh,Dakshin Bastar Dantewada,0.35424942654571995,0.0,4.302813852813853,300.0,0.3352566865549616,At-Risk
Telangana,Jangoan,0.35465024719354954,0.0,4.701754385964913,255.5,0.24057640128262642,At-Risk
Haryana,Charkhi Dadri,0.35539861588989674,0.0,5.0,214.5,0.2209465402892749,At-Risk
Chhattisgarh,Raipur,0.35657180777117436,0.0,4.4964450079834695,1164.0,0.23282554220985338,At-Risk
Mizoram,Serchhip,0.35748727105272304,0.0,5.0,24.0,0.4256356523464807,At-Risk
Chhattisgarh,Mohalla-Manpur-Ambagarh Chowki,0.3577788493842607,0.0,2.5833333333333335,4.666666666666667,0.33653114467906925,At-Risk
Orissa,Kandhamal,0.3584157130817085,0.0,2.5,8.0,0.11690354347578769,At-Risk
Andaman And Nicobar Islands,Nicobar,0.35884265413755945,0.0,3.0214285714285714,18.75,0.44665013972727685,At-Risk
Sikkim,North,0.35934388358878117,0.0,4.09375,11.0,0.2894272059377428,At-Risk
Telangana,Jayashankar Bhupalpally,0.36036866159246517,0.0,4.454918032786885,210.75,0.16633065184233253,At-Risk
Chhattisgarh,Dantewada,0.36094184435060644,0.0,3.7978290366350067,177.5,0.3646388728985847,At-Risk
Manipur,Kakching,0.36134130738887155,0.0,5.0,27.0,0.30233058671314494,At-Risk
Andhra Pradesh,Mahbubnagar,0.3618290150488305,0.0,3.753787878787879,180.5,0.1592987682852901,At-Risk
Telangana,Warangal Rural,0.36348768811038124,0.0,5.0,182.5,0.1785481363866036,At-Risk
Tripura,Dhalai  *,0.3652627354638029,0.0,1.75,8.0,0.1536289829401191,At-Risk
Karnataka,Haveri *,0.36602978486775795,0.0,4.65,29.25,0.1517354536891247,At-Risk
Sikkim,West,0.3665297653181802,0.0,2.118939393939394,50.75,0.14987188300750964,At-Risk
Telangana,Rangareddy,0.367809828224377,0.0,5.0,74.5,0.2112189206524684,At-Risk
Arunachal Pradesh,Upper Siang,0.3684445378479825,0.0,4.9,10.5,0.5384957661730546,At-Risk
Orissa,Baleshwar,0.3684709297779168,0.0,3.9746376811594204,96.0,0.2090385642691382,At-Risk
Daman & Diu,Diu,0.36901549412643797,0.0,3.0,3.0,0.26699058339070963,At-Risk
Andhra Pradesh,Anakapalli,0.3698790424182393,0.0,5.0,133.75,0.22494537100537626,At-Risk
Maharashtra,Dharashiv,0.37058168682445347,0.0,3.7857142857142856,29.25,0.1053932188246243,At-Risk
Telangana,Suryapet,0.37061682175998334,0.0,4.75,510.0,0.18177088126186072,At-Risk
Punjab,Gurdaspur,0.37147648340954564,0.0,4.334482038429407,713.4285714285714,0.23826285696400948,At-Risk
Karnataka,Hasan,0.3716688062593404,0.0,5.0,248.25,0.10510321019769137,At-Risk
Chhattisgarh,Janjgir - Champa,0.37173760991207033,0.0,2.25,8.25,0.04097139179289589,At-Risk
Andhra Pradesh,Eluru,0.37215966357348906,0.0,5.0,153.25,0.22264745286153392,At-Risk
Karnataka,Chamarajanagar,0.372916232231606,0.0,3.6780303030303028,62.25,0.16719416279438448,At-Risk
Manipur,Pherzawl,0.3741550781114239,0.0,1.244047619047619,2.75,0.12872705852340402,At-Risk
Chandigarh,Chandigarh,0.3746137003440725,0.0,5.0,536.8,0.28959235484619145,At-Risk
Arunachal Pradesh,Siang,0.3747863665589268,0.0,3.350378787878788,24.75,0.6803664747255996,At-Risk
Odisha,Sundargarh,0.375976447103187,0.0,3.3290719696969697,147.75,0.116784899768148,At-Risk
Nagaland,Niuland,0.3762981462655962,0.0,2.7386363636363638,7.25,0.40072055792808975,At-Risk
Orissa,Ganjam,0.3768194140339902,0.0,4.391304347826087,100.5,0.15520145365409455,At-Risk
Telangana,Yadadri.,0.37700258271643555,0.0,4.71875,396.25,0.22441706405756917,At-Risk
Telangana,Warangal Urban,0.3770596023181455,0.0,5.0,164.25,0.31199473498286434,At-Risk
Punjab,Rupnagar,0.37762355333124803,0.0,4.773809523809524,308.25,0.28630714323664,At-Risk
Tamil Nadu,Thiruvallur,0.37772742675424875,0.0,1.5235449735449735,119.0,0.17307926453504024,At-Risk
Orissa,Nayagarh,0.3779894019566955,0.0,3.3125,26.0,0.22349586979573793,At-Risk
Orissa,Puri,0.3781548674104195,0.0,3.3676470588235294,55.0,0.1573233081531203,At-Risk
West  Bengal,Hooghly,0.3782125748676421,0.0,0.7000000000000001,5.0,0.13617814075487258,At-Risk
Gujarat,Panch Mahals,0.3783134796510617,0.0,0.9466666666666667,260.4,0.04299582408786661,At-Risk
Gujarat,Sabar Kantha,0.3783405449553401,0.0,1.2552380952380955,456.0,0.07032687895713248,At-Risk
Andhra Pradesh,Parvathipuram Manyam,0.378493889670872,0.0,5.0,125.0,0.25443334624535663,At-Risk
Andhra Pradesh,Karim Nagar,0.37927022512424846,0.0,3.65,20.5,0.1604816153830097,At-Risk
Telangana,Jangaon,0.3802372775692489,0.0,3.575,20.25,0.20626688831838905,At-Risk
Assam,Dima Hasao,0.3804807603192808,0.0,0.7455808080808081,37.0,0.0654639695600716,At-Risk
Madhya Pradesh,Niwari,0.38056994621693946,0.0,3.375,33.25,0.2339926593302845,At-Risk
Odisha,Baleshwar,0.38162926180794493,0.0,3.563150042625746,211.25,0.17644613206881446,At-Risk
Orissa,Malkangiri,0.3820437671601849,0.0,2.175,11.75,0.1550331750106119,At-Risk
Tamil Nadu,Madurai,0.3829056320161262,0.0,5.0,1649.8333333333333,0.39168727623330835,At-Risk
Telangana,Vikarabad,0.3832182623466444,0.0,5.0,647.75,0.20647485446447802,At-Risk
Manipur,Jiribam,0.38336227756924895,0.0,3.365128205128205,36.0,0.21222495059472876,At-Risk
Tamil Nadu,Ranipet,0.3842081769367115,0.0,4.821428571428571,27.5,0.3042776024149499,At-Risk
Gujarat,Narmada,0.3842472760921697,0.0,4.78125,312.75,0.28551983420347127,At-Risk
Orissa,Balangir,0.3844414142598964,0.0,2.4676894796380093,109.0,0.13495782564295114,At-Risk
Jharkhand,Palamau,0.38448713855002953,0.0,1.8941287878787878,71.5,0.09933227611942767,At-Risk
Punjab,Ferozepur,0.38568873162339695,0.0,4.951612903225806,344.0,0.34897897973668757,At-Risk
Andhra Pradesh,Medak,0.38623383901574393,0.0,4.313970588235295,351.25,0.21840730010519765,At-Risk
Telangana,Nagarkurnool,0.3867127493657248,0.0,4.59375,339.75,0.2983192040122494,At-Risk
Odisha,Rayagada,0.3876709501963646,0.0,4.197852760736197,760.5,0.35257980763156627,At-Risk
Arunachal Pradesh,Kamle,0.38775175511764504,0.0,2.357456140350877,7.0,0.5140650224981526,At-Risk
Karnataka,Chamrajnagar,0.3877660371702638,0.0,4.267857142857142,95.0,0.14838382193127642,At-Risk
Delhi,New Delhi,0.38778900792409554,0.0,3.1272291094655684,236.66666666666666,0.37027989174881704,At-Risk
Daman And Diu,Daman,0.38810038925381435,0.0,5.0,14.5,0.4692285732476749,At-Risk
Maharashtra,Raigad,0.38831872907471127,0.0,3.685030021322856,554.6666666666666,0.14850214240830323,At-Risk
Punjab,Sri Muktsar Sahib,0.38854666266986415,0.0,4.831890331890332,326.75,0.34025871106374184,At-Risk
Andhra Pradesh,K.V.Rangareddy,0.38868068588607374,0.0,2.4791666666666665,17.25,0.17226154294021864,At-Risk
Telangana,Mancherial,0.388910121902478,0.0,4.9678571428571425,273.25,0.24618444398585543,At-Risk
Andhra Pradesh,Y. S. R,0.38953413356271505,0.0,5.0,197.5,0.2512084264379309,At-Risk
Telangana,Mahabubabad,0.38978963568275815,0.0,4.678571428571429,375.5,0.24483762975333298,At-Risk
Andhra Pradesh,N. T. R,0.38987429621520175,0.0,5.0,221.75,0.22272522258780206,At-Risk
Maharashtra,Chandrapur,0.39017376161182854,0.0,4.015469708754646,627.0,0.25392696615152,At-Risk
Andhra Pradesh,Dr. B. R. Ambedkar Konaseema,0.3902743022972926,0.0,5.0,162.0,0.2776789489083275,At-Risk
Puducherry,Karaikal,0.3913801024397873,0.0,5.0,98.25,0.4276817033848919,At-Risk
West Bengal,Dakshin Dinajpur,0.3915949848816599,0.0,3.596923243766258,1285.4,0.1817658722730245,At-Risk
Kerala,Wayanad,0.3920383801654329,0.0,4.71178545789025,374.5,0.19433459979316658,At-Risk
Odisha,Malkangiri,0.39226510096270806,0.0,4.210801393728223,704.75,0.4194714558738766,At-Risk
Orissa,Koraput,0.39323600901887185,0.0,1.5875,29.75,0.09462364918840713,At-Risk
Maharashtra,Chhatrapati Sambhajinagar,0.39374663312828,0.0,3.3491942064463487,194.0,0.14131978916129423,At-Risk
Telangana,Jogulamba Gadwal,0.3946544394918847,0.0,5.0,460.5,0.2742824796537865,At-Risk
Telangana,Kamareddy,0.39502903112292775,0.0,5.0,501.5,0.27566772011142016,At-Risk
Nagaland,Shamator,0.39599727826434505,0.0,0.5001549249836921,56.0,0.12274571354843772,At-Risk
Punjab,Hoshiarpur,0.3965763258958051,0.0,4.507539682539683,489.5,0.29014183207128,At-Risk
Maharashtra,Gadchiroli,0.396686346574914,0.0,4.26006711409396,588.0,0.21704498349844747,At-Risk
Delhi,North West Delhi,0.39686757840104725,0.0,4.423012321980354,1743.111111111111,0.28860877095623955,At-Risk
Orissa,Rayagada,0.39702031852778646,0.0,0.7192307692307692,45.25,0.06690398259138847,At-Risk
Maharashtra,Nagpur,0.39717877871615753,0.0,4.4727310731788394,1656.4285714285713,0.26960952060366583,At-Risk
Ladakh,Leh,0.39739697372536753,0.0,5.0,28.5,0.37988728803346056,At-Risk
Telangana,Rajanna Sircilla,0.39742504909116183,0.0,5.0,221.25,0.2877777030439716,At-Risk
Punjab,Moga,0.39754609355993464,0.0,4.05204678362573,373.5,0.2641171563573297,At-Risk
Gujarat,Tapi,0.3979758801654329,0.0,3.7282051282051283,412.2,0.40182818452653823,At-Risk
Telangana,Wanaparthy,0.39907590232162093,0.0,4.9421487603305785,416.75,0.236776356315964,At-Risk
Madhya Pradesh,Maihar,0.39908421089215584,0.0,3.678571428571429,99.5,0.05680186541752333,At-Risk
Lakshadweep,Lakshadweep,0.3993735989469294,0.0,5.0,50.5,0.38165009629434876,At-Risk
Gujarat,Surendranagar,0.4010823080665903,0.0,0.6119047619047618,272.8,0.043527179200593055,At-Risk
Haryana,Ambala,0.40173222291731825,0.0,5.0,637.0,0.2715483485123834,At-Risk
Daman & Diu,Daman,0.40257277873353486,0.0,3.75,2.25,0.24231750539966998,At-Risk
Andhra Pradesh,Palnadu,0.40292673469919715,0.0,5.0,208.75,0.2644912267072299,At-Risk
Telangana,Siddipet,0.4029983621798213,0.0,5.0,468.75,0.2701399475317998,At-Risk
Karnataka,Bagalkot *,0.4031588316303478,0.0,4.0377435064935066,62.25,0.18037683954503916,At-Risk
Orissa,Kendrapara,0.4038781474820144,0.0,2.4583333333333335,13.25,0.14542098851339239,At-Risk
Goa,South Goa,0.40424785171862504,0.0,4.946428571428571,228.25,0.3414650630120535,At-Risk
Maharashtra,Sindhudurg,0.40441820456678135,0.0,5.0,295.0,0.30744091754029995,At-Risk
West Bengal,Birbhum,0.4051914369125817,0.0,4.145004821975829,2200.285714285714,0.27401771566744143,At-Risk
Tamil Nadu,Coimbatore,0.405347070169951,0.0,4.752911434373575,1788.6,0.269010042779349,At-Risk
Telangana,Mulugu,0.40543733491467693,0.0,3.595435393258427,233.25,0.19740933535831895,At-Risk
Arunachal Pradesh,Shi-Yomi,0.4055483873770549,0.0,2.796875,7.5,0.42217828515275824,At-Risk
Punjab,Faridkot,0.40579623257915404,0.0,4.07251552795031,223.0,0.2975579594862602,At-Risk
Karnataka,Chickmagalur,0.40587182427970664,0.0,4.892857142857142,307.75,0.17335418626227606,At-Risk
Andhra Pradesh,Bapatla,0.4062078054947346,0.0,5.0,119.0,0.30450157257611415,At-Risk
Maharashtra,Gondiya *,0.40652858148263993,0.0,2.875,14.25,0.043245132187276374,At-Risk
Telangana,Jagitial,0.4070462651617836,0.0,5.0,396.5,0.2889530464760149,At-Risk
Delhi,Najafgarh,0.4073374452611824,0.0,0.5416666666666667,7.5,0.05920398275542378,At-Risk
Odisha,Sonapur,0.40783308136099816,0.0,4.351769911504425,371.75,0.4704750480288213,At-Risk
Goa,North Goa,0.40807940604038506,0.0,3.6123076923076924,251.0,0.3699022738418018,At-Risk
Maharashtra,Bhandara,0.4084268997845202,0.0,5.0,474.25,0.2671364313315012,At-Risk
West Bengal,Malda,0.40915600852651207,0.0,3.411238821632835,2624.3333333333335,0.19588652254891337,At-Risk
Odisha,Kandhamal,0.4102867162791506,0.0,4.385555555555555,760.25,0.400837380845479,At-Risk
Uttarakhand,Bageshwar,0.4102960023285719,0.0,5.0,185.0,0.3621886544227472,At-Risk
Rajasthan,Chittaurgarh,0.41038229199249293,0.0,1.3048013663967613,89.0,0.14264140338140477,At-Risk
Andhra Pradesh,K.V. Rangareddy,0.41044311290098356,0.0,3.4375,4.75,0.5684139499546818,At-Risk
Uttarakhand,Champawat,0.41071235402981965,0.0,5.0,216.25,0.37468335973922495,At-Risk
Orissa,Mayurbhanj,0.41097529585027626,0.0,1.25,8.0,0.1753667725979541,At-Risk
Karnataka,Kodagu,0.4110835787891426,0.0,5.0,292.5,0.2296517604452023,At-Risk
Andhra Pradesh,Sri Sathya Sai,0.41114532287213706,0.0,5.0,229.75,0.24994196058161053,At-Risk
Maharashtra,Wardha,0.4113683509713968,0.0,5.0,487.0,0.30558952182383026,At-Risk
Odisha,Nuapada,0.41141657326312864,0.0,4.14975845410628,529.5,0.41846446401114457,At-Risk
Assam,Majuli,0.41145244673826153,0.0,2.294945054945055,100.8,0.28775909007130235,At-Risk
Andhra Pradesh,Annamayya,0.41256212421367255,0.0,5.0,229.0,0.26465073341170375,At-Risk
Haryana,Kurukshetra,0.41400344941438155,0.0,4.0,478.6,0.2854870497695134,At-Risk
Karnataka,Chikmagalur,0.4149246363778542,0.0,3.3541666666666665,38.5,0.09227361136525691,At-Risk
Odisha,Baudh,0.4157369213324992,0.0,2.2256944444444446,42.75,0.21319723845555674,At-Risk
Maharashtra,Buldana,0.4158451499669829,0.0,2.6808697838109605,268.75,0.08292530272469587,At-Risk
Odisha,Debagarh,0.4159553335592396,0.0,4.804054054054054,217.75,0.40086065340344174,At-Risk
Haryana,Yamunanagar,0.41609000842804017,0.0,3.125,14.75,0.13272886532561676,At-Risk
Telangana,Warangal (Urban),0.41618205435651473,0.0,1.6666666666666667,2.3333333333333335,0.12765462117991735,At-Risk
Odisha,Jharsuguda,0.41686362866228754,0.0,5.0,289.25,0.3774581988044928,At-Risk
Maharashtra,Gondiya,0.41812653138358874,0.0,5.0,721.0,0.24294318116638802,At-Risk
Tamil Nadu,Thanjavur,0.41856089041810024,0.0,5.0,1470.4,0.3788084675973769,At-Risk
Andhra Pradesh,Kakinada,0.41904367810099746,0.0,5.0,235.5,0.26952397061077715,At-Risk
Gujarat,Gandhinagar,0.4191863357140374,0.0,4.414494478847779,614.0,0.32509000502656493,At-Risk
Arunachal Pradesh,Changlang,0.41919849989573554,0.0,2.781866397000683,197.5,0.44714672491066965,At-Risk
Orissa,Sonapur,0.4194157717304417,0.0,2.5,5.5,0.18852906013634813,At-Risk
Odisha,Gajapati,0.4196516156639905,0.0,4.365963855421686,494.0,0.46557569416250644,At-Risk
Delhi,South West Delhi,0.41967572680985643,0.0,4.613884710902795,1112.0,0.3059873394977667,At-Risk
Tamil Nadu,Kanchipuram,0.41982202281652936,0.0,0.0,91.5,0.044563279857397504,At-Risk
Chhattisgarh,Manendragarh–Chirmiri–Bharatpur,0.4200635687102492,0.0,2.850378787878788,73.5,0.07715557751540245,At-Risk
Orissa,Khordha,0.42041790480658947,0.0,2.3018728222996514,181.5,0.10390561280133415,At-Risk
Rajasthan,Jhunjhunu,0.420434033208216,0.0,2.0002319109461966,77.75,0.1570685312339462,At-Risk
Karnataka,Bangalore Rural,0.42043904007229005,0.0,5.0,503.6,0.3096112774979213,At-Risk
Orissa,Kendujhar,0.4206257819831092,0.0,0.8333333333333333,12.25,0.10144278599910221,At-Risk
Nagaland,Zunheboto,0.4207616949918326,0.0,1.2493998355713896,142.8,0.22965791314233303,At-Risk
Maharashtra,Gondia,0.4213383640913356,0.0,2.2083333333333335,7.25,0.04150859489541874,At-Risk
Chhattisgarh,Durg,0.42174347478538904,0.0,5.0,674.6666666666666,0.3637350361818767,At-Risk
Uttar Pradesh,Barabanki,0.4219655579883919,0.0,0.7174086024653764,464.6,0.10775141622199476,At-Risk
Andhra Pradesh,Nandyal,0.4221648224898342,0.0,5.0,224.75,0.29280379532430423,At-Risk
West Bengal,Jhargram,0.42220732109964204,0.0,2.71,182.4,0.278267606724889,At-Risk
Arunachal Pradesh,Dibang Valley,0.42242032460987733,0.0,3.708333333333333,2.5,0.7827009472782536,At-Risk
Himachal Pradesh,Kullu,0.42323992979529423,0.0,4.0,226.6,0.4449068313335829,At-Risk
Maharashtra,Chatrapati Sambhaji Nagar,0.42440487827129597,0.0,3.0069786535303775,48.75,0.13978253012189873,At-Risk
Daman And Diu,Diu,0.4247709441142738,0.0,5.0,15.5,0.5158987783067907,At-Risk
Gujarat,The Dangs,0.4253224232208436,0.0,3.596642096642096,209.0,0.40714079339402914,At-Risk
Andhra Pradesh,Rangareddi,0.42544415554512915,0.0,4.466165413533835,471.0,0.23607814337200664,At-Risk
Odisha,Koraput,0.42620164737774996,0.0,3.806298975286317,1084.25,0.33787679195721954,At-Risk
Arunachal Pradesh,Tawang,0.4270334276057414,0.0,3.842857142857143,36.75,0.6868731315931443,At-Risk
Arunachal Pradesh,Lower Subansiri,0.42711303783060506,0.0,3.247069107363225,26.25,0.39030838884871644,At-Risk
Punjab,Pathankot,0.4271955261877455,0.0,5.0,275.0,0.3583189556468391,At-Risk
Andhra Pradesh,Mahabub Nagar,0.42725493518228896,0.0,1.7022206271970157,377.75,0.03971846246656542,At-Risk
Punjab,Sas Nagar (Mohali),0.4275538265040142,0.0,4.141473905604185,578.2,0.28502943685191245,At-Risk
Orissa,Dhenkanal,0.42781682262885345,0.0,2.7458333333333336,31.5,0.19254587151141642,At-Risk
Assam,Bongaigaon,0.4278469012229829,0.0,3.2298394210092494,327.77777777777777,0.4769475391761009,At-Risk
Delhi,Central Delhi,0.4278976818545164,0.0,3.026777157403842,469.25,0.31831352352415243,At-Risk
Nagaland,Longleng,0.4280805790150488,0.0,1.2824596632142604,140.16666666666666,0.2784292087348867,At-Risk
Karnataka,Davanagere,0.4280984994613005,0.0,2.6696146990264635,120.75,0.0692174517529881,At-Risk
Chhattisgarh,Balod,0.4281547588016543,0.0,5.0,418.5,0.26365516873818184,At-Risk
Karnataka,Vijayanagara,0.42837979616306954,0.0,3.9695820842884855,515.75,0.17195649398864643,At-Risk
Uttar Pradesh,Ayodhya,0.42873958079912877,0.0,2.7245655568000546,276.8333333333333,0.3063003051573859,At-Risk
Arunachal Pradesh,West Siang,0.42885789194731166,0.0,4.129010695187166,47.5,0.5186861601962901,At-Risk
Odisha,Boudh,0.4294782109095332,0.0,4.21505376344086,355.5,0.4452813109998715,At-Risk
West Bengal,Paschim Bardhaman,0.4304428196573176,0.0,2.9245668745668745,295.75,0.186226192480074,At-Risk
Tamil Nadu,Perambalur,0.430946927240816,0.0,5.0,532.5,0.32636903068987455,At-Risk
Arunachal Pradesh,East Siang,0.43113547205713687,0.0,4.395508658008658,41.5,0.4501952385660394,At-Risk
Orissa,Jharsuguda,0.43140878601466653,0.0,2.75,6.25,0.23329168029043484,At-Risk
Orissa,Jajapur,0.4318046649636812,0.0,2.3375,27.75,0.14110536908166096,At-Risk
Chhattisgarh,Raigarh,0.43185773120633925,0.0,3.8000923612856377,983.8,0.17597076065598782,At-Risk
West Bengal,South Dinajpur,0.4319149571647031,0.0,1.4941666666666666,111.5,0.04016511040231641,At-Risk
Tamil Nadu,Chengalpattu,0.43220067424321407,0.0,4.0,236.2,0.24877239093823053,At-Risk
Karnataka,Udupi,0.4322724972196156,0.0,5.0,887.0,0.31918590036498307,At-Risk
Chhattisgarh,Uttar Bastar Kanker,0.4323510756612101,0.0,3.943705673758865,220.0,0.19284788978174833,At-Risk
Gujarat,Ahmadabad,0.4323999496055329,0.0,0.8246173413578708,1071.1666666666667,0.05633904503872191,At-Risk
Sikkim,Namchi,0.4325031279324366,0.0,0.8833333333333333,2.5,0.12132103990848361,At-Risk
Chhattisgarh,Kawardha,0.4325413582177736,0.0,5.0,535.25,0.25567091404583064,At-Risk
Uttarakhand,Nainital,0.43277073992979526,0.0,4.542587601078167,645.8333333333334,0.3800257639738807,At-Risk
Manipur,Ukhrul,0.432804843082056,0.0,3.206184504886377,191.75,0.28331821968968957,At-Risk
Punjab,Sangrur,0.4328067111528169,0.0,3.730617495711835,458.0,0.34875173141139715,At-Risk
Tamil Nadu,Mayiladuthurai,0.43282966018489555,0.0,4.340579710144928,125.25,0.42740518833892266,At-Risk
West Bengal,Purba Bardhaman,0.43288530045528795,0.0,2.7014402313229295,582.6,0.25306603830110186,At-Risk
West Bengal,Purulia,0.4329731323636743,0.0,1.964160732838355,195.5,0.09254421273168996,At-Risk
Delhi,South Delhi,0.4330827457599138,0.0,3.845315132137372,1614.75,0.2890521602210247,At-Risk
Madhya Pradesh,Ashok Nagar,0.4342482897739779,0.0,3.2306453713501724,835.1666666666666,0.39153122388429096,At-Risk
Andaman And Nicobar Islands,South Andaman,0.43463305442602435,0.0,5.0,47.5,0.5133092189814825,At-Risk
Gujarat,Ahmedabad,0.43464337225871474,0.0,3.6167496880779533,2646.1428571428573,0.30502904003594267,At-Risk
Punjab,Tarn Taran,0.4347056268029054,0.0,3.5801587301587303,583.8,0.24423595680657,At-Risk
Karnataka,Shimoga,0.43471907256803255,0.0,4.475346687211094,565.0,0.15103952802381737,At-Risk
Gujarat,Bharuch,0.43475643398324815,0.0,4.166666666666667,708.8333333333334,0.3680576801590704,At-Risk
Chhattisgarh,Dhamtari,0.4347779385187502,0.0,5.0,491.25,0.29457986783926055,At-Risk
Madhya Pradesh,Mauganj,0.4349294477461509,0.0,2.3829545454545453,109.25,0.04077873081113828,At-Risk
Jharkhand,Simdega,0.43496344228964656,0.0,2.6162398239990825,516.5,0.20524431809621665,At-Risk
Maharashtra,Amravati,0.4355100702047057,0.0,3.9384697843170997,1134.6666666666667,0.28253358581895127,At-Risk
Himachal Pradesh,Sirmaur,0.43583220380217563,0.0,5.0,394.25,0.3754362947678676,At-Risk
Bihar,Pashchim Champaran,0.4362209921503791,0.0,0.3281004709576138,2256.714285714286,0.021510890372703453,At-Risk
Arunachal Pradesh,Lower Siang,0.4364803266082786,0.0,2.5732142857142857,7.0,0.7637133686875707,At-Risk
Odisha,Angul,0.4367437571681785,0.0,4.4025,749.0,0.3989480318426125,At-Risk
Karnataka,Bengaluru Rural,0.4370160393424391,0.0,1.0,542.25,0.1702069716775599,At-Risk
Haryana,Sonipat,0.4370550950543913,0.0,5.0,916.4,0.30564312091798074,At-Risk
Karnataka,Gadag,0.4371143845792931,0.0,4.774647887323944,1109.25,0.32679563788306154,At-Risk
Himachal Pradesh,Kinnaur,0.43737097278698783,0.0,4.410714285714286,39.5,0.4660982542947779,At-Risk
Chhattisgarh,Baloda Bazar,0.4377098755777986,0.0,5.0,982.2,0.26424765569423925,At-Risk
Telangana,Medchal-Malkajgiri,0.4388525701178188,0.0,3.9755395683453236,792.8,0.2865501559932742,At-Risk
Jharkhand,Kodarma,0.43947119478330376,0.0,1.9790629666500745,77.5,0.1426135594858745,At-Risk
Punjab,Barnala,0.43956172018906614,0.0,4.681818181818182,251.25,0.36852469479858735,At-Risk
Madhya Pradesh,Narmadapuram,0.43969911027699576,0.0,2.2870080584707644,177.0,0.1149325156365952,At-Risk
Manipur,Thoubal,0.4397271313384076,0.0,4.772058823529411,265.25,0.290766564913497,At-Risk
Haryana,Panchkula,0.43989514909811284,0.0,5.0,344.75,0.3235638903876199,At-Risk
Punjab,Fazilka,0.4400614291175755,0.0,3.656517445687953,475.25,0.3455839203280846,At-Risk
West Bengal,Kalimpong,0.44130203083909675,0.0,1.5660669665167415,60.0,0.4784817211825197,At-Risk
Punjab,Mansa,0.4418211083307267,0.0,4.07051724137931,276.25,0.3323804878029142,At-Risk
Gujarat,Banas Kantha,0.4419902276936215,0.0,0.6140350877192982,1816.5714285714287,0.08112319628081119,At-Risk
Kerala,Idukki,0.44226211422166617,0.0,4.542105263157895,417.5,0.27301506570057554,At-Risk
Maharashtra,Pune,0.4424264935877385,0.0,3.9598456144192964,3828.0,0.36551632259964717,At-Risk
Maharashtra,Parbhani,0.44267899345120176,0.0,2.900131552542977,867.5714285714286,0.3539417145116361,At-Risk
Andhra Pradesh,Alluri Sitharama Raju,0.44268563410141454,0.0,4.890625,305.25,0.294013823163418,At-Risk
Mizoram,Mamit,0.44278984421158724,0.0,4.7,42.0,0.5228743556444055,At-Risk
Arunachal Pradesh,Pakke Kessang,0.4429092233459609,0.0,3.1666666666666665,1.0,0.9108939291495073,At-Risk
Mizoram,Kolasib,0.4430970006603413,0.0,4.0,48.0,0.535960734026958,At-Risk
Orissa,Sambalpur,0.4431295724290133,0.0,1.875,6.25,0.09905194802994743,At-Risk
Chhattisgarh,Surguja,0.44351144084732214,0.0,4.489838974546118,886.25,0.21219797186633257,At-Risk
Sikkim,South Sikkim,0.44369229254277737,0.0,1.3254610886189833,72.33333333333333,0.4355515697127867,At-Risk
Punjab,Shaheed Bhagat Singh Nagar,0.44418704167101103,0.0,4.074239864864865,225.5,0.3945890252306186,At-Risk
Himachal Pradesh,Lahul And Spiti,0.444218266690995,0.0,4.625,8.0,0.6789891641543256,At-Risk
Karnataka,Tumkur,0.44473654771834703,0.0,5.0,735.5,0.21132641838044477,At-Risk
Arunachal Pradesh,Namsai,0.4449689704757933,0.0,3.361458333333333,37.25,0.45716875484923525,At-Risk
Delhi,West Delhi,0.4451317689809506,0.0,3.818556892181383,2045.0,0.2639277081532875,At-Risk
Uttarakhand,Dehradun,0.44576761296276984,0.0,3.642879536683756,1039.0,0.3425607778367181,At-Risk
West Bengal,East Midnapore,0.44604039594411427,0.0,2.393166613571201,528.5,0.08191850348697614,At-Risk
Karnataka,Ramanagar,0.4462505539047023,0.0,4.064453125,734.5,0.287478158821834,At-Risk
Tamil Nadu,Kanniyakumari,0.4466547957286345,0.0,5.0,568.5,0.37434946230169336,At-Risk
Arunachal Pradesh,East Kameng,0.44667640887290166,0.0,3.5314744079449962,41.75,0.6153287864005128,At-Risk
Rajasthan,Sikar,0.44729325235463807,0.0,2.8373907231654427,1603.4285714285713,0.3428325153344625,At-Risk
Tamil Nadu,Sivaganga,0.4474831004761408,0.0,4.0,885.0,0.37421968286169316,At-Risk
Puducherry,Puducherry,0.44778682488791577,0.0,5.0,324.5,0.4114642170527704,At-Risk
Chhattisgarh,Kabeerdham,0.4479052627463247,0.0,5.0,238.0,0.412538233473279,At-Risk
Sikkim,North Sikkim,0.4480395574844472,0.0,3.1055555555555556,15.5,0.5089403584322847,At-Risk
Himachal Pradesh,Lahul & Spiti,0.4480399376151253,0.0,0.875,9.5,0.14035592586851178,At-Risk
Nagaland,Mokokchung,0.4484861675876689,0.0,0.8344497948992331,89.4,0.28821245789898947,At-Risk
Manipur,Chandel,0.44879607183818165,0.0,2.486398428936792,188.5,0.3190156435880317,At-Risk
Maharashtra,Raigarh(Mh),0.4488259392486011,0.0,1.175,22.0,0.02741675348543552,At-Risk
Chhattisgarh,Gariyaband,0.44897581934452435,0.0,3.9251855600539813,384.0,0.22362153482315184,At-Risk
Bihar,Purnea,0.44919233091787436,0.0,1.3828067765567766,64.25,0.08005656244899469,At-Risk
Haryana,Kaithal,0.44931024745421055,0.0,5.0,595.8,0.33075789055431615,At-Risk
Assam,Sivasagar,0.4494236132832864,0.0,0.0,158.5,0.0,At-Risk
Odisha,Dhenkanal,0.44982269619087334,0.0,4.3681640625,720.75,0.4165244266875051,At-Risk
Andaman & Nicobar Islands,South Andaman,0.4504020153442463,0.0,1.5,9.5,0.11585020569753379,At-Risk
Himachal Pradesh,Chamba,0.4508232001355437,0.0,5.0,412.5,0.4078170767105132,At-Risk
Arunachal Pradesh,Upper Subansiri,0.4509526617836166,0.0,4.0106031543052,32.75,0.6550431015410578,At-Risk
Tamil Nadu,Kallakurichi,0.45099255378306047,0.0,4.0,205.2,0.277680764172477,At-Risk
Manipur,Senapati,0.4510836439544017,0.0,4.092150170648464,371.25,0.341461551354364,At-Risk
Sikkim,East Sikkim,0.45136200821951133,0.0,2.483974358974359,80.0,0.3793802016554365,At-Risk
Gujarat,Navsari,0.4515743926597852,0.0,2.857142857142857,379.14285714285717,0.44038299412154214,At-Risk
Madhya Pradesh,Harda *,0.45158623101518786,0.0,1.0513020833333333,152.5,0.18655764885522302,At-Risk
Himachal Pradesh,Solan,0.4518672018906613,0.0,5.0,292.5,0.45213072860690895,At-Risk
Punjab,S.A.S Nagar(Mohali),0.4521678309526292,0.0,1.276736111111111,69.25,0.050177457822918436,At-Risk
West Bengal,Darjiling,0.4523618605115907,0.0,0.4792411854879918,181.0,0.02863597568470711,At-Risk
West Bengal,Hawrah,0.45251027438918434,0.0,0.0,3.0,0.17382447049966232,At-Risk
Andhra Pradesh,Anantapur,0.4528068306224586,0.0,5.0,1103.75,0.2476249917992277,At-Risk
Gujarat,Kachchh,0.45305219592441986,0.0,3.035267839191764,975.6666666666666,0.4133172918980263,At-Risk
Orissa,Cuttack,0.45316084089250336,0.0,1.8888888888888888,80.5,0.12228951496391369,At-Risk
Haryana,Hisar,0.4532032200326695,0.0,5.0,1043.2,0.33046003387109135,At-Risk
Karnataka,Chikkamagaluru,0.45323415180898763,0.0,5.0,278.25,0.3675568346906396,At-Risk
Odisha,Jagatsinghpur,0.4536418691134049,0.0,3.00805724588686,173.5,0.1745189235948928,At-Risk
Gujarat,Mahesana,0.4543457780359564,0.0,3.9889219576719577,885.2857142857143,0.3364656956160922,At-Risk
Maharashtra,Ahmed Nagar,0.45437818223681925,0.0,1.8343448490507315,85.0,0.20022006239965576,At-Risk
Uttarakhand,Chamoli,0.45439762320578314,0.0,5.0,270.75,0.4029662385403021,At-Risk
Punjab,Malerkotla,0.45461353743092486,0.0,2.796067631458948,214.25,0.2411239729775869,At-Risk
Odisha,Sundergarh,0.4554399415250408,0.0,4.371287128712871,995.25,0.37091962312313015,At-Risk
Odisha,Kalahandi,0.45546274936572484,0.0,3.8812506086279095,1105.25,0.33740016242776594,At-Risk
West Bengal,Medinipur West,0.45550809352517985,0.0,0.0,312.5,0.0,At-Risk
Haryana,Rohtak,0.45561850519584335,0.0,5.0,670.4,0.3103781493621972,At-Risk
Tamil Nadu,Ramanathapuram,0.45593824940047967,0.0,4.0,792.4,0.3758220043281638,At-Risk
Bihar,Samstipur,0.4560560790498036,0.0,0.29704067861962596,20.5,0.03733617170132763,At-Risk
Nagaland,Peren,0.4564679777916797,0.0,1.754613311217085,169.25,0.44345648854628805,At-Risk
Jharkhand,Sahibganj,0.45767701056546073,0.0,1.1279838022165387,91.25,0.174066179796895,At-Risk
Jharkhand,Hazaribag,0.45774901817676295,0.0,1.927335055643879,141.5,0.09168507615571872,At-Risk
Gujarat,Junagadh,0.457827607479234,0.0,2.9260669724500534,1088.8,0.2369797561611798,At-Risk
Himachal Pradesh,Bilaspur,0.45791388628227847,0.0,5.0,249.75,0.42625351484433477,At-Risk
Madhya Pradesh,Katni,0.4584053409446356,0.0,3.227252788746977,1352.875,0.40249484133680047,At-Risk
Tamil Nadu,Namakkal,0.4588952207798978,0.0,5.0,1215.75,0.3724612739716889,At-Risk
Rajasthan,Kota,0.45925268480867476,0.0,2.9998740601542617,1484.2,0.3150648957176134,At-Risk
Assam,Tamulpur District,0.45928219381016927,0.0,1.8934523809523809,13.75,0.05904844859165152,At-Risk
Tamil Nadu,Tenkasi,0.46022524371806905,0.0,5.0,317.0,0.48581533405279853,At-Risk
Gujarat,Dohad,0.46036366558926767,0.0,0.5948360928482094,1761.857142857143,0.11987190323763139,At-Risk
Tamil Nadu,Tirupattur,0.4605589441490286,0.0,5.0,261.5,0.4287061396213882,At-Risk
Nagaland,Tuensang,0.4607084984186564,0.0,1.086532441714367,249.16666666666666,0.2591784937737433,At-Risk
Uttar Pradesh,Prayagraj,0.4611853271006383,0.0,2.0118884401442294,447.1666666666667,0.3646881107537352,At-Risk
Chhattisgarh,Janjgir Champa,0.4612322098842665,0.0,1.25,6.25,0.0621133857088478,At-Risk
Mizoram,Champhai,0.46133571403746565,0.0,2.243933132909233,153.42857142857142,0.39840433860971436,At-Risk
Uttarakhand,Hardwar,0.46172485924304035,0.0,1.3523809523809525,36.5,0.09691559210998679,At-Risk
Chhattisgarh,Bemetara,0.46215256056024745,0.0,4.7265625,690.0,0.2649717377001079,At-Risk
Madhya Pradesh,Jabalpur,0.462574505612901,0.0,3.6610190196395287,2061.0,0.38142466937505765,At-Risk
Jammu And Kashmir,Ganderbal,0.46282979051541373,0.0,4.705357142857142,208.0,0.43442164219753127,At-Risk
Haryana,Faridabad,0.46302021184984377,0.0,4.287485466873602,1759.111111111111,0.28949326933918307,At-Risk
Telangana,Adilabad,0.4630332690369443,0.0,4.65,746.0,0.39911874701663475,At-Risk
Madhya Pradesh,Sagar,0.4631238177160135,0.0,3.8930062061182484,1922.0,0.45330810935614885,At-Risk
Arunachal Pradesh,West Kameng,0.4632765526709067,0.0,3.3600000000000003,52.0,0.47115510180193604,At-Risk
West Bengal,Coochbehar,0.4634934081720132,0.0,0.0,1409.0,0.0,At-Risk
Madhya Pradesh,Bhopal,0.4635854980611784,0.0,4.363690345767062,1815.4285714285713,0.361120725407645,At-Risk
Himachal Pradesh,Hamirpur,0.4638949709797379,0.0,5.0,299.25,0.41656490845635025,At-Risk
Odisha,Sambalpur,0.4640176445799882,0.0,4.654580152671755,637.75,0.3438149643878343,At-Risk
West Bengal,Medinipur,0.4641835444687728,0.0,1.75,7.25,0.15518516240923863,At-Risk
Arunachal Pradesh,Lower Dibang Valley,0.464384742206235,0.0,3.2333333333333334,26.75,0.498731334189607,At-Risk
Tamil Nadu,Viluppuram,0.46438561107635634,0.0,2.9701617366705615,1280.5,0.13234655150866254,At-Risk
Orissa,Sundargarh,0.46442883736489066,0.0,1.5589285714285714,34.75,0.09539028507176589,At-Risk
Haryana,Rewari,0.46476579605880514,0.0,5.0,619.75,0.3304466950167516,At-Risk
Haryana,Yamuna Nagar,0.46502694583463666,0.0,5.0,847.0,0.2962486217665445,At-Risk
Andhra Pradesh,Prakasam,0.4651621746081395,0.0,4.0256880733944955,1512.4,0.3668779165817354,At-Risk
Tamil Nadu,Nagapattinam,0.46517351336322244,0.0,4.365959242231893,1011.75,0.25492104582761843,At-Risk
Manipur,Imphal West,0.46526144301949746,0.0,3.840522875816993,240.8,0.44024452264778285,At-Risk
Uttar Pradesh,Bhadohi,0.46548701256386193,0.0,3.304857140103184,135.5,0.3192264553915618,At-Risk
Rajasthan,Dhaulpur,0.46565894023911303,0.0,0.28190273778509073,34.75,0.1318557801810607,At-Risk
Chhattisgarh,Kanker,0.46591129270496645,0.0,4.2664938217122685,425.75,0.27970707174194925,At-Risk
Himachal Pradesh,Una,0.46608381772842594,0.0,5.0,311.75,0.42651838745928733,At-Risk
Jharkhand,Latehar,0.46626926719493966,0.0,2.723999774735069,649.5,0.23468806000838902,At-Risk
Dadra And Nagar Haveli And Daman And Diu,Diu,0.4666753553678796,0.0,2.2222222222222223,6.0,0.2062815830997465,At-Risk
Karnataka,Kolar,0.4669321064887221,0.0,5.0,1038.75,0.3073434100510928,At-Risk
Manipur,Imphal East,0.46704082386264906,0.0,4.554838709677419,280.75,0.34364238160887367,At-Risk
Andhra Pradesh,Tirupati,0.46760879340006256,0.0,3.4101975195222787,372.75,0.2744403298898618,At-Risk
Sikkim,West Sikkim,0.46815091405136755,0.0,1.4784422296050204,77.0,0.4455633367002671,At-Risk
Karnataka,Bidar,0.46830544260243984,0.0,4.127153419896386,971.2,0.37709280501505604,At-Risk
Tamil Nadu,Theni,0.46843742397386434,0.0,4.968434343434343,867.75,0.33810955104977275,At-Risk
Tamil Nadu,Cuddalore,0.4685021547979008,0.0,4.0,1717.2,0.4066022987902159,At-Risk
Telangana,K.V. Rangareddy,0.4691488548291801,0.0,4.502992125984252,3449.0,0.36334636047277596,At-Risk
Odisha,Khordha,0.4697041062801933,0.0,2.1253333333333333,96.6,0.14147614028254923,At-Risk
Gujarat,Vadodara,0.4697107531366212,0.0,2.3376871897603144,1304.3333333333333,0.3023371451686044,At-Risk
Haryana,Gurgaon,0.46974909203072324,0.0,4.316164948885537,1110.6666666666667,0.2927600611611571,At-Risk
Telangana,Hyderabad,0.46975566286101555,0.0,4.19224500785669,3165.125,0.38691690553364616,At-Risk
Kerala,Thiruvananthapuram,0.46997680840834577,0.0,2.29405283190446,1038.3333333333333,0.31748762978595385,At-Risk
Haryana,Jhajjar,0.47042404120182113,0.0,5.0,653.5,0.32934805453073374,At-Risk
Odisha,Nayagarh,0.4704542344385361,0.0,4.591666666666667,587.75,0.43361724247711414,At-Risk
Madhya Pradesh,Balaghat,0.47046640948111074,0.0,4.673786407766991,1355.4,0.41626031276749026,At-Risk
Odisha,Kendujhar,0.4710834593195009,0.0,4.2836048879837065,1340.5,0.3540158899120364,At-Risk
Kerala,Kollam,0.4711293139401523,0.0,2.9457550791400897,971.2,0.30364162747988155,At-Risk
Uttarakhand,Pithoragarh,0.4713014914155632,0.0,4.630952380952381,302.75,0.4008619672474965,At-Risk
Maharashtra,Beed,0.4722234440708303,0.0,3.5064684604998804,1239.375,0.3297926398151349,At-Risk
Karnataka,Hassan,0.47222819570430613,0.0,5.0,618.75,0.3288811871891725,At-Risk
Meghalaya,Eastern West Khasi Hills,0.4723956704201856,0.0,0.4438461407146227,57.25,0.5713598931189099,At-Risk
Punjab,Patiala,0.47254978625795013,0.0,4.158429984612385,844.5,0.30453060360417267,At-Risk
Assam,Nagaon,0.473028696607931,0.0,2.0151897533889436,1560.0,0.3060787014854688,At-Risk
Karnataka,Uttara Kannada,0.4733922101449275,0.0,5.0,860.0,0.302747188938132,At-Risk
Karnataka,Mysore,0.47362778255656346,0.0,4.7827646683673475,767.75,0.22199494431149092,At-Risk
Assam,South Salmara Mankachar,0.4736350050394467,0.0,2.172590142776478,285.2,0.2812582675310581,At-Risk
Telangana,Sangareddy,0.47371548413443154,0.0,4.741935483870968,673.0,0.36116331157516796,At-Risk
Uttar Pradesh,Bulandshahar,0.473886597243944,0.0,0.5192129629629629,46.25,0.11053283732852358,At-Risk
Madhya Pradesh,Betul,0.4740679557803033,0.0,4.593997327577346,1339.3333333333333,0.4165492120895085,At-Risk
Chhattisgarh,Rajnandgaon,0.4741502993257568,0.0,5.0,1040.5,0.31997416060464284,At-Risk
Nagaland,Kohima,0.4743217382615647,0.0,0.5643976051028164,252.33333333333334,0.25667233031389786,At-Risk
Chhattisgarh,Janjgir-Champa,0.47437826912383135,0.0,4.510330578512397,1159.5,0.24091032920197808,At-Risk
Mizoram,Khawzawl,0.4746001025266743,0.0,0.85,3.0,0.8663927050018775,At-Risk
Nagaland,Phek,0.4748064157369757,0.0,0.6332185952185952,200.8,0.2554691138122122,At-Risk
Jammu And Kashmir,Baramula,0.47500073853960306,0.0,3.9182668392791093,736.6,0.3828271308738642,At-Risk
Punjab,Bathinda,0.4752411657630417,0.0,3.917886174727793,671.5,0.32628467151014673,At-Risk
Maharashtra,Jalgaon,0.4754456372789967,0.0,2.8358191767648235,1861.857142857143,0.3035363194664726,At-Risk
Karnataka,Bellary,0.47549036857470545,0.0,3.8027611701275825,1054.75,0.258662587473196,At-Risk
Karnataka,Chikkaballapur,0.47578654467730164,0.0,4.75,784.5,0.26993197850866074,At-Risk
Mizoram,Lunglei,0.47605303438408697,0.0,3.1666666666666665,109.5,0.434826227707873,At-Risk
West Bengal,Alipurduar,0.47626969076912384,0.0,1.6567370678423206,404.375,0.42226380080303466,At-Risk
Andaman And Nicobar Islands,North And Middle Andaman,0.47632551567441694,0.0,4.333333333333334,33.0,0.5400327698335281,At-Risk
Manipur,Bishnupur,0.4764222969450526,0.0,3.5184357541899445,215.0,0.4162534668712229,At-Risk
Rajasthan,Baran,0.4765486885853636,0.0,2.814472755162747,1031.6666666666667,0.3530052354549709,At-Risk
Maharashtra,Latur,0.47699753240885556,0.0,2.487628374856181,1065.5714285714287,0.2487934906919199,At-Risk
Haryana,Jind,0.47702794286310085,0.0,5.0,955.25,0.3144812691718897,At-Risk
Maharashtra,Nandurbar *,0.4770601996663539,0.0,0.0,34.75,0.008751892300364479,At-Risk
Uttarakhand,Uttarkashi,0.4772052466722274,0.0,5.0,281.75,0.47122827952331875,At-Risk
Karnataka,Chamarajanagar *,0.4773226527473673,0.0,1.25,5.75,0.19654616301341593,At-Risk
Bihar,Monghyr,0.47774709580161956,0.0,0.08571428571428572,12.25,0.01944841019553816,At-Risk
Tamil Nadu,Ariyalur,0.47788682097800017,0.0,5.0,583.0,0.44866554944118986,At-Risk
Uttarakhand,Almora,0.4781450383171723,0.0,4.8161764705882355,339.75,0.37424695971028776,At-Risk
Haryana,Fatehabad,0.4782238339762972,0.0,5.0,650.5,0.32848102945910296,At-Risk
Tamil Nadu,Dindigul,0.4783718677232127,0.0,4.519924098671726,1517.75,0.3137369291812289,At-Risk
Gujarat,Sabarkantha,0.47855364259317185,0.0,2.3114823816405057,796.0,0.32230037034082665,At-Risk
Himachal Pradesh,Shimla,0.47856128140965487,0.0,4.767857142857142,412.25,0.431604750251268,At-Risk
Madhya Pradesh,Satna,0.4786287998586638,0.0,3.6389783607267696,2190.6666666666665,0.4069505038223606,At-Risk
Punjab,Fatehgarh Sahib,0.4786344837173739,0.0,3.6719795798743164,258.75,0.3789853616977753,At-Risk
Odisha,Jajapur,0.4787845267264449,0.0,4.274550385383957,623.75,0.33774740464605413,At-Risk
Gujarat,Botad,0.47882129079345226,0.0,2.5515370705244123,396.57142857142856,0.5198623091037881,At-Risk
Punjab,Amritsar,0.47896631064713446,0.0,2.9489897892448775,1176.0,0.27719135868413963,At-Risk
Haryana,Gurugram,0.4790475590542059,0.0,0.0,809.6666666666666,0.0,At-Risk
Karnataka,Bijapur,0.4795603734403781,0.0,3.0189429353369146,1056.5,0.24385820167048666,At-Risk
Haryana,Mahendragarh,0.4796814722135335,0.0,5.0,682.5,0.3346422805584136,At-Risk
Haryana,Sirsa,0.47968934634900773,0.0,5.0,833.25,0.30310385818441643,At-Risk
Assam,Chirang,0.47981406800025816,0.0,2.024830308298868,440.57142857142856,0.5513996652325662,At-Risk
Punjab,Nawanshahr,0.4801156357522678,0.0,1.0550324675324676,48.0,0.028009590799708394,At-Risk
Kerala,Ernakulam,0.480170284062605,0.0,2.1309462621962623,998.6666666666666,0.2923497948739395,At-Risk
Karnataka,Mandya,0.48042918925728983,0.0,5.0,887.75,0.2841441895632543,At-Risk
Madhya Pradesh,Indore,0.48063139162582974,0.0,3.594322981706348,2711.75,0.3288805183027063,At-Risk
Bihar,Sheikpura,0.48085683627011433,0.0,0.03125,7.25,0.017893563645053255,At-Risk
West Bengal,North Dinajpur,0.4809047327355507,0.0,1.183298319327731,85.5,0.03690793481271701,At-Risk
Maharashtra,Ratnagiri,0.48091228104472944,0.0,4.941747572815534,642.75,0.3352422190524568,At-Risk
Arunachal Pradesh,Longding,0.48168691134049285,0.0,1.3475694444444444,172.0,0.46432908362106273,At-Risk
Madhya Pradesh,Seoni,0.4819996720015292,0.0,4.622340425531915,1517.75,0.2905609920779312,At-Risk
Madhya Pradesh,Dindori,0.4822171067493831,0.0,4.598214285714286,664.5,0.3596631662101801,At-Risk
Mizoram,Aizawl,0.4838754539846384,0.0,3.286147257968338,249.5,0.48893880633418085,At-Risk
Chhattisgarh,Korba,0.48402745195148233,0.0,3.708007097069597,882.25,0.2155503363407462,At-Risk
Haryana,Karnal,0.48408800133805996,0.0,5.0,1010.0,0.3068505636070234,At-Risk
Andhra Pradesh,Spsr Nellore,0.484424634205679,0.0,0.0,626.6666666666666,0.0,At-Risk
Madhya Pradesh,Narsimhapur,0.48454871971987623,0.0,1.3710278085998255,297.25,0.20284428833800933,At-Risk
Telangana,Karimnagar,0.4847924377888993,0.0,4.692041522491349,1450.25,0.3174868880738973,At-Risk
Nagaland,Mon,0.4859433829747796,0.0,0.9066028328138249,342.0,0.3643223517488927,At-Risk
Karnataka,Davangere,0.48613256134223054,0.0,4.948660714285714,1192.0,0.30909120425296643,At-Risk
Nagaland,Wokha,0.4862246289924582,0.0,0.3816939525559639,105.6,0.3496711449271871,At-Risk
Karnataka,Shivamogga,0.486321160462934,0.0,5.0,546.5,0.39665545925001705,At-Risk
West Bengal,Maldah,0.4865632494004796,0.0,1.2891112891851662,439.0,0.06810083892982675,At-Risk
Karnataka,Chamrajanagar,0.4867872006742432,0.0,4.581460674157303,551.0,0.38206643220064235,At-Risk
Maharashtra,Ahmadnagar,0.48700287596010144,0.0,2.9249792190172266,2341.4,0.3407608058957579,At-Risk
Maharashtra,Hingoli,0.48754594150766345,0.0,1.8305733766594456,977.0,0.30756691043581486,At-Risk
Tamil Nadu,Pudukkottai,0.48795246411566395,0.0,2.9653622550426912,1401.8,0.3316171166499422,At-Risk
Tamil Nadu,The Nilgiris,0.4880862701143433,0.0,4.171760236386661,427.25,0.38886823435608003,At-Risk
Karnataka,Haveri,0.4883239060925173,0.0,5.0,1045.75,0.3076413397293226,At-Risk
Tamil Nadu,Kanyakumari,0.48834448745351544,0.0,5.0,497.0,0.5414759044831803,At-Risk
Chhattisgarh,Mahasamund,0.4884045481006499,0.0,3.5328944784618956,834.0,0.24188255076545828,At-Risk
Delhi,East Delhi,0.488437836687172,0.0,4.315417978533612,1314.125,0.2650210980729709,At-Risk
Karnataka,Belgaum,0.48849740859486324,0.0,4.533653846153847,1685.25,0.25555762350615296,At-Risk
Telangana,Warangal,0.4885417209710492,0.0,4.53960396039604,738.0,0.465411590936504,At-Risk
Tamil Nadu,Thiruvarur,0.48854307858061374,0.0,4.589225589225589,1040.5,0.348002797064955,At-Risk
Odisha,Mayurbhanj,0.48855214741250474,0.0,3.911380537539052,2021.75,0.3787711205464937,At-Risk
Telangana,Khammam,0.4886964341570222,0.0,4.228174603174603,969.75,0.43908129401023077,At-Risk
Arunachal Pradesh,Kurung Kumey,0.4890059691377333,0.0,2.4458333333333333,15.75,0.8429369460536131,At-Risk
Puducherry,Yanam,0.48909944508161596,0.0,1.3333333333333333,2.3333333333333335,0.5895674602876979,At-Risk
Andhra Pradesh,Mahabubnagar,0.490081051101148,0.0,2.3333333333333335,2.3333333333333335,0.39039074660582784,At-Risk
Telangana,Medchal−Malkajgiri,0.49054088251138217,0.0,4.1644736842105265,133.25,0.6191674306273365,At-Risk
Kerala,Pathanamthitta,0.4911796649636812,0.0,3.938638309481517,469.5,0.233871888545499,At-Risk
Uttarakhand,Rudraprayag,0.4912257150801098,0.0,4.35,239.0,0.41991144392871504,At-Risk
Maharashtra,Washim *,0.49142007046536684,0.0,0.5416666666666667,8.0,0.07088661657801637,At-Risk
Maharashtra,Satara,0.4918228460709693,0.0,2.313626126126126,733.125,0.3922076957343248,At-Risk
Andhra Pradesh,Sri Potti Sriramulu Nellore,0.4918680816216592,0.0,2.979938928289992,327.75,0.35020760554159613,At-Risk
Haryana,Bhiwani,0.4918970258575748,0.0,5.0,868.25,0.3233707795875789,At-Risk
Gujarat,Morbi,0.4919141015689863,0.0,2.595475413882689,816.7777777777778,0.5273906258806,At-Risk
Himachal Pradesh,Mandi,0.4919158694783303,0.0,5.0,625.75,0.42249844552190774,At-Risk
100000,100000,0.4923668673756647,0.0,0.0,0.25,0.0,At-Risk
Karnataka,Dharwad,0.4929216409481111,0.0,5.0,1271.0,0.31202362731492106,At-Risk
Telangana,Nizamabad,0.4932096170889375,0.0,4.944852941176471,1642.0,0.38839193718864967,At-Risk
Karnataka,Chitradurga,0.4933252311194522,0.0,4.897368421052631,1092.0,0.28377171289899494,At-Risk
Tamil Nadu,Kancheepuram,0.4936622875612553,0.0,4.352468904411934,2596.6,0.4046631471770431,At-Risk
Andhra Pradesh,Vizianagaram,0.49384242605915263,0.0,5.0,963.25,0.3679106199091218,At-Risk
Gujarat,Patan,0.49399301814586977,0.0,1.9095192257151896,916.7777777777778,0.397884838016576,At-Risk
Kerala,Thrissur,0.49408499287526497,0.0,2.2664347259882973,1317.2,0.2808581966095998,At-Risk
Madhya Pradesh,Panna,0.4946410883715388,0.0,2.1541263335471674,1315.857142857143,0.42574349573680176,At-Risk
Uttar Pradesh,Sonbhadra,0.4946818089007055,0.0,3.0126728237074714,1255.25,0.3379406814907883,At-Risk
Assam,Hojai,0.49487078815208707,0.0,1.8343776174448982,861.875,0.36501568401597706,At-Risk
Arunachal Pradesh,Kra Daadi,0.49488213776804646,0.0,1.9228670634920635,19.25,0.5380328607859717,At-Risk
Madhya Pradesh,West Nimar,0.4950029107149063,0.0,1.3845912707981674,188.5,0.157895282460304,At-Risk
Jammu & Kashmir,Jammu,0.4950665011469086,0.0,0.375,15.5,0.10262213571614695,At-Risk
West Bengal,North Twenty Four Parganas,0.4955637120738193,0.0,0.8392629928743108,406.25,0.054683364822928834,At-Risk
Maharashtra,Nandurbar,0.49559703169141706,0.0,1.898469760329224,1468.4285714285713,0.29143810078714466,At-Risk
Tripura,West Tripura,0.49570799881833666,0.0,2.753176438394033,545.4,0.28203808395679186,At-Risk
Bihar,Purba Champaran,0.4959772942515553,0.0,0.48209541881268636,31.75,0.039215867589894766,At-Risk
Tamil Nadu,Karur,0.49604370851145174,0.0,4.095211353890137,1004.0,0.35680006349162136,At-Risk
Jammu & Kashmir,Kathua,0.4970688666458138,0.0,1.0,2.6666666666666665,0.447680412403933,At-Risk
Andaman & Nicobar Islands,Andamans,0.4972793504326973,0.0,0.9,18.75,0.1559440060378881,At-Risk
Haryana,Panipat,0.4973781482060728,0.0,4.166666666666667,1006.8333333333334,0.2955316575885625,At-Risk
Gujarat,Anand,0.4974311583342022,0.0,2.1654999999999998,805.5,0.4162910606468395,At-Risk
Uttarakhand,Pauri Garhwal,0.49766550889723005,0.0,4.85625,460.5,0.4491305145848439,At-Risk
Madhya Pradesh,Anuppur,0.4977534819970111,0.0,3.9446535393818545,803.25,0.2737894900316331,At-Risk
Kerala,Kannur,0.49780558162165917,0.0,2.096943092566646,1147.0,0.2678345616520628,At-Risk
Odisha,Bargarh,0.49793817120216866,0.0,4.238857938718663,1286.75,0.40859731356937745,At-Risk
Maharashtra,Jalna,0.4981855819692072,0.0,3.6878382838283827,1392.75,0.2734965615596878,At-Risk
Chhattisgarh,Jashpur,0.4982258215166997,0.0,4.4773368328958885,635.25,0.3182602998778912,At-Risk
Tamil Nadu,Virudhunagar,0.4984718746741737,0.0,5.0,1349.0,0.3945944385322219,At-Risk
Chhattisgarh,Mungeli,0.4988101366732701,0.0,3.733993465257293,738.75,0.24016417627986372,At-Risk
Jammu And Kashmir,Samba,0.4988219207242901,0.0,4.455882352941177,144.75,0.5498722617271574,At-Risk
Tamil Nadu,Tiruvannamalai,0.4989331360998158,0.0,5.0,1808.25,0.37152816666084965,At-Risk
Jammu And Kashmir,Budgam,0.4991546436763632,0.0,5.0,211.0,0.7247123946759872,At-Risk
Assam,Baksa,0.49978198600539847,0.0,1.3799795064163085,366.55555555555554,0.5622477819364344,At-Risk
Andhra Pradesh,Srikakulam,0.5000276409307337,0.0,5.0,1073.0,0.3742310454779534,At-Risk
Odisha,Bhadrak,0.5006911861814896,0.0,3.946595239725246,1126.5,0.44490157001349306,At-Risk
Tamil Nadu,Tiruppur,0.5008436728877768,0.0,5.0,1546.75,0.36455258880148933,At-Risk
Jammu And Kashmir,Leh,0.5011658607896292,0.0,3.4595141700404857,51.25,0.5362423119805569,At-Risk
Arunachal Pradesh,Papum Pare,0.5013396891182706,0.0,2.854539175842814,110.5,0.42734485486277113,At-Risk
Madhya Pradesh,Raisen,0.5022981614708233,0.0,3.3496384596034035,1489.0,0.3830432517428617,At-Risk
Maharashtra,Akola,0.5027251676919333,0.0,3.45402468017661,931.8,0.268099196422636,At-Risk
Maharashtra,Washim,0.5027952275860471,0.0,2.7441520467836256,556.8333333333334,0.277786145329229,At-Risk
West Bengal,Hooghly,0.5028901226844611,0.0,2.3325398001706428,3000.2,0.22324513133623825,At-Risk
Maharashtra,Bid,0.5028987136377854,0.0,0.971256038647343,142.0,0.048864201696610744,At-Risk
Himachal Pradesh,Lahaul And Spiti,0.5029731649463038,0.0,2.5,1.5,0.3808074954119579,At-Risk
Assam,Dibrugarh,0.503141496464664,0.0,1.5180345294280062,618.8888888888889,0.4993077811921372,At-Risk
Jharkhand,Pashchimi Singhbhum,0.5036329088902791,0.0,0.9546703046199113,149.5,0.09477504024016373,At-Risk
Andhra Pradesh,Ananthapur,0.5036415432871094,0.0,5.0,498.5,0.46502628568310644,At-Risk
West Bengal,Bardhaman,0.5036803166162722,0.0,0.8633243125986828,443.25,0.04742533966546933,At-Risk
Gujarat,Kheda,0.5036956149366222,0.0,1.9667959642094426,1007.1428571428571,0.3702541715082793,At-Risk
Delhi,North Delhi,0.5037915681947196,0.0,3.502588206562109,729.6666666666666,0.2558260458921969,At-Risk
Rajasthan,Jhalawar,0.503950708998019,0.0,1.8744778335977503,1396.0,0.36142023624605224,At-Risk
Sikkim,Mangan,0.5041871213174388,0.0,0.0,0.6666666666666666,0.0,At-Risk
West Bengal,Purba Medinipur,0.504187736767108,0.0,4.267253579068619,3566.0,0.24707875204855886,At-Risk
Madhya Pradesh,Vidisha,0.5042763304884043,0.0,3.443385377089261,1457.7142857142858,0.42777577207598677,At-Risk
Jammu And Kashmir,Srinagar,0.5043809517603308,0.0,4.625022477971588,780.25,0.37115019289293544,At-Risk
Karnataka,Vijayapura,0.5044327146978069,0.0,3.6688543151718007,1100.8,0.4791039674555573,At-Risk
Gujarat,Chhotaudepur,0.5046096546675704,0.0,1.9879454471826912,439.75,0.551175106245657,At-Risk
West Bengal,West Midnapore,0.5052418934417683,0.0,1.0720320347619896,546.75,0.05728238437185972,At-Risk
Andhra Pradesh,Hyderabad,0.5053862344906683,0.0,3.473856499895332,1209.75,0.20598099106884485,At-Risk
Uttar Pradesh,Sant Ravidas Nagar Bhadohi,0.5053898185799187,0.0,0.4372205022359821,21.0,0.16631972083352498,At-Risk
Orissa,Gajapati,0.5054686685434261,0.0,0.0,2.6666666666666665,0.09706014885392805,At-Risk
Karnataka,Tumakuru,0.5055080392207972,0.0,5.0,738.25,0.3808752891791389,At-Risk
Chhattisgarh,Koriya,0.5055314987140722,0.0,2.971802423832746,440.5,0.24169833946868985,At-Risk
Himachal Pradesh,Kangra,0.5059560503770896,0.0,5.0,986.0,0.43336962335970614,At-Risk
Rajasthan,Pali,0.5062453515448511,0.0,2.082562309980349,1799.2,0.3464353680083756,At-Risk
Madhya Pradesh,Mandla,0.5063956443540819,0.0,4.995762711864407,1226.5,0.3018081301644733,At-Risk
Haryana,Palwal,0.506499420029194,0.0,4.9603174603174605,1174.75,0.3295393524124861,At-Risk
West Bengal,Hugli,0.5068405601605672,0.0,0.32723214285714286,48.5,0.06457338597177396,At-Risk
Tamil Nadu,Chennai,0.5068961787092066,0.0,3.96376404494382,1969.0,0.37419867577454174,At-Risk
Odisha,Puri,0.5070035276126924,0.0,4.291594234390844,876.75,0.40057649941480084,At-Risk
Delhi,North East Delhi,0.5072184643589477,0.0,3.2517781155510654,2008.0,0.3519422511447905,At-Risk
Tamil Nadu,Salem,0.5075287161575088,0.0,4.0,2005.0,0.3688349396333629,At-Risk
Tamil Nadu,Erode,0.5077863795919786,0.0,4.845264542158215,1502.25,0.35739810187975773,At-Risk
Uttar Pradesh,Siddharth Nagar,0.507829605880513,0.0,0.0,2094.5,0.0,At-Risk
Tamil Nadu,Villupuram,0.507877285128419,0.0,5.0,1692.25,0.5473181201392952,At-Risk
Uttar Pradesh,Kushinagar *,0.5078979207937997,0.0,1.25,1.5,0.21648445296066737,At-Risk
Bihar,Aurangabad(Bh),0.5079135061516005,0.0,0.4011904761904762,28.25,0.06618767076057858,At-Risk
Uttarakhand,Haridwar,0.5080996072707051,0.0,3.233619123325006,983.8333333333334,0.43854666035132017,At-Risk
Mizoram,Mammit,0.5081723751433636,0.0,1.5208333333333333,19.75,0.2563652499853063,At-Risk
West Bengal,Dinajpur Uttar,0.5083250066613375,0.0,0.0,3779.0,0.0,At-Risk
Nagaland,Noklak,0.5086844003058423,0.0,0.35213154406121355,63.2,0.27793654912694105,At-Risk
Telangana,Bhadradri Kothagudem,0.5087544746811246,0.0,3.851578947368421,634.4,0.34241962604232656,At-Risk
Maharashtra,Yavatmal,0.5090031959939295,0.0,2.6670948992623864,1232.1666666666667,0.22837146002758046,At-Risk
Andhra Pradesh,West Godavari,0.5090117036805338,0.0,5.0,1477.75,0.3668816579505248,At-Risk
Jammu & Kashmir,Baramula,0.5092036696729573,0.0,1.1666666666666665,11.75,0.20896955220907132,At-Risk
Odisha,Jagatsinghapur,0.5101442215792583,0.0,4.334,781.25,0.5361517087723662,At-Risk
Jharkhand,Purbi Singhbhum,0.5102236145865916,0.0,0.7499472624032484,246.5,0.075739580372431,At-Risk
Tamil Nadu,Tiruchirappalli,0.5107140917700622,0.0,4.677617217953001,2481.75,0.31601180863621053,At-Risk
Odisha,Kendrapara,0.5109716031522608,0.0,4.207507082152975,978.5,0.4132291514110341,At-Risk
Chhattisgarh,Narayanpur,0.5110370399332708,0.0,2.41082467470048,188.5,0.31607363912545683,At-Risk
West Bengal,Bankura,0.5110944396656588,0.0,3.577928247415623,2801.25,0.1722158619077208,At-Risk
Jammu And Kashmir,Badgam,0.5111148038091267,0.0,2.775885935769657,466.0,0.20692110041189718,At-Risk
Telangana,Nalgonda,0.5111413043478261,0.0,4.263269639065817,1662.75,0.3822928448985406,At-Risk
Tripura,South Tripura,0.5111876802905502,0.0,2.7375540175520348,538.0,0.23536997047885472,At-Risk
Madhya Pradesh,Mandsaur,0.5112321555798839,0.0,3.572185852208364,2063.0,0.2875288253106481,At-Risk
Maharashtra,Mumbai Suburban,0.5114325309938385,0.0,3.592008390223396,2489.4285714285716,0.37761711908672213,At-Risk
Karnataka,Ballari,0.5114607227261669,0.0,4.356521739130435,679.25,0.46740384753614905,At-Risk
Odisha,Nabarangapur,0.5115048396065756,0.0,1.926222812282917,1232.8,0.38920473901698405,At-Risk
Jammu And Kashmir,Shupiyan,0.5118274945261182,0.0,4.492966751918159,166.25,0.5664843892888572,At-Risk
Punjab,Jalandhar,0.5119309443749348,0.0,2.8067145245920546,1011.5,0.2473477204642166,At-Risk
Maharashtra,Osmanabad,0.5123437771521913,0.0,2.88769335373109,803.2,0.28344200728777286,At-Risk
Nagaland,Tseminyu,0.5125423574184131,0.0,0.38125,5.5,0.3071793955060692,At-Risk
Orissa,Anugul,0.5125992141069753,0.0,1.1,12.75,0.1866717207538313,At-Risk
Rajasthan,Pratapgarh,0.5127541988148612,0.0,1.5872506327251474,944.0,0.30379633297813163,At-Risk
Uttar Pradesh,Bulandshahr,0.5129748375212873,0.0,2.4703911865319585,2084.5,0.43463430869477704,At-Risk
Tamil Nadu,Vellore,0.513972170090015,0.0,4.0,1916.0,0.3849098101248115,At-Risk
Maharashtra,Nanded,0.5139906009974629,0.0,1.9225781120510201,1451.375,0.2878735445269947,At-Risk
Maharashtra,Mumbai City,0.5144860741841308,0.0,4.32010582010582,690.75,0.37599594765402167,At-Risk
West Bengal,Cooch Behar,0.5148120995956857,0.0,2.3485478155998356,1747.0,0.24642770975499198,At-Risk
Assam,Charaideo,0.5151218155910054,0.0,1.6713861856470984,165.83333333333334,0.5870278474692093,At-Risk
West Bengal,Koch Bihar,0.5154365094880617,0.0,0.5028878694265912,834.5,0.022562817934636926,At-Risk
Chandigarh,Rupnagar,0.5155630930038577,0.0,0.5,1.5,0.16301818533055856,At-Risk
Tripura,Khowai,0.5160809395961491,0.0,3.399443561208267,73.75,0.4935051847939343,At-Risk
Maharashtra,Buldhana,0.5162156144649498,0.0,2.6584558252518775,1157.0,0.3148008798768602,At-Risk
Maharashtra,Sangli,0.5163147432364668,0.0,2.314675775564577,1071.2857142857142,0.3434339399119632,At-Risk
Gujarat,Porbandar,0.5164690918072995,0.0,2.61003861003861,334.0,0.3567155685762394,At-Risk
West Bangal,Howrah,0.5166182271574045,0.0,0.25,2.0,0.2513525346342684,At-Risk
West Bengal,Puruliya,0.5167910237027769,0.0,2.911319577711712,3271.5,0.16015416346165434,At-Risk
Maharashtra,Aurangabad,0.5169384057971015,0.0,2.35802893735572,2464.0,0.2756318638584584,At-Risk
Jharkhand,Pakur,0.5169803908426054,0.0,1.8833557865993267,982.7142857142857,0.3517645110794196,At-Risk
Maharashtra,Mumbai( Sub Urban ),0.5172923074583811,0.0,0.6139686337054758,104.75,0.0603355768341791,At-Risk
Tripura,Gomati,0.5174314027039238,0.0,3.4766846361185983,133.6,0.4951620579667507,At-Risk
Assam,Dhubri,0.5175216348660202,0.0,2.1882796726890295,1535.125,0.39027592075783263,At-Risk
Rajasthan,Hanumangarh,0.5175907969276753,0.0,3.078120174251206,979.8,0.34689797311183684,At-Risk
Madhya Pradesh,Dewas,0.5178768165591751,0.0,2.8068938407081063,1478.7142857142858,0.36884455802200594,At-Risk
Nagaland,Dimapur,0.5179028244795468,0.0,1.06105512444375,365.0,0.3165742296598467,At-Risk
Rajasthan,Bundi,0.5181934886873111,0.0,1.8854344507561542,791.3333333333334,0.39836630201426254,At-Risk
Arunachal Pradesh,Lohit,0.5188104950821951,0.0,3.0526315789473686,41.25,0.3978229147023621,At-Risk
Orissa,Subarnapur,0.5190112402831358,0.0,1.3333333333333333,2.0,0.36656041727035643,At-Risk
Maharashtra,Raigarh,0.5190325457025684,0.0,3.845773915626857,1307.25,0.30535390626933395,At-Risk
Madhya Pradesh,Datia,0.5191144548129613,0.0,1.9029046693333556,966.6666666666666,0.3793814008708063,At-Risk
Karnataka,Dakshina Kannada,0.51945823775762,0.0,5.0,1606.5,0.30580028589724073,At-Risk
Tripura,Dhalai,0.5194893215862093,0.0,1.9150357142857142,276.8,0.3732120415224732,At-Risk
Jammu And Kashmir,Pulwama,0.5195014640461544,0.0,4.75,464.0,0.5243360375886728,At-Risk
West Bengal,Jalpaiguri,0.519560411453446,0.0,1.203733462746084,1264.5,0.2809836475491914,At-Risk
Uttar Pradesh,Mahrajganj,0.5196234316894311,0.0,0.7291666666666666,4.75,0.33084474007538467,At-Risk
Gujarat,Arvalli,0.5198012604409227,0.0,2.944444444444444,379.0,0.5270404804460181,At-Risk
Chhattisgarh,Bilaspur,0.5198979946477601,0.0,4.160705279747833,1784.4,0.2674209793371055,At-Risk
Maharashtra,Nashik,0.520291773827315,0.0,2.9049963241112877,3677.3333333333335,0.31720836546889003,At-Risk
Odisha,Anugal,0.5204899124178918,0.0,0.0,1.5,0.0,At-Risk
Orissa,Nabarangapur,0.5206665102700447,0.0,0.0,1.5,0.0,At-Risk
Jharkhand,Dumka,0.52091643455422,0.0,0.7347201794867484,819.8571428571429,0.35441414272621113,At-Risk
Assam,Dhemaji,0.5210712589348812,0.0,1.3977148255605703,634.4444444444445,0.5133119452991222,At-Risk
Rajasthan,Jaipur,0.5211197191315271,0.0,2.9461976028856305,4344.571428571428,0.31404028057728167,At-Risk
Andhra Pradesh,Krishna,0.5211541093212386,0.0,5.0,1675.75,0.36490626721745356,At-Risk
West Bengal,North 24 Parganas,0.5212444899153141,0.0,1.7448805443708704,4543.0,0.2555858529636031,At-Risk
Maharashtra,Palghar,0.5215090970701699,0.0,2.295315440091395,1316.75,0.4106493058967127,At-Risk
Gujarat,Rajkot,0.5217996526691691,0.0,2.8128522887830787,2018.875,0.30965950807081993,At-Risk
West Bengal,Haora,0.5218432319361902,0.0,0.49095202882678757,715.0,0.04611068351120057,At-Risk
Assam,West Karbi Anglong,0.5218453226549196,0.0,0.7493587047939445,172.125,0.48715635903355137,At-Risk
Jharkhand,Garhwa *,0.5219869213324992,0.0,0.6351411997963723,95.25,0.04759758173522759,At-Risk
Andhra Pradesh,Nellore,0.5223086747992909,0.0,4.497440273037543,1341.25,0.3467514718207656,At-Risk
Andhra Pradesh,Ananthapuramu,0.5226202190421576,0.0,5.0,794.25,0.47928893465591427,At-Risk
Jharkhand,Palamu,0.5229167209710492,0.0,3.2212614504770984,2135.5,0.269934984273708,At-Risk
Odisha,Khorda,0.5235981323636743,0.0,4.580078125,1037.5,0.44857040795310654,At-Risk
Gujarat,Bhavnagar,0.5236676807622225,0.0,2.4229366920782236,1389.857142857143,0.3739006855154135,At-Risk
Mizoram,Saitual,0.5239409016265248,0.0,1.0,1.25,0.7299344899234023,At-Risk
West Bengal,Paschim Medinipur,0.524612592534668,0.0,3.5097233878960643,4483.75,0.1799858506729052,At-Risk
Gujarat,Amreli,0.5247206582560039,0.0,2.598496716659242,674.5,0.378284014253931,At-Risk
West Bengal,Nadia,0.5248826482292427,0.0,1.4346433929267044,2109.125,0.2859724278422692,At-Risk
Odisha,Jajpur,0.524958402842943,0.0,3.698156288156288,614.5,0.43593919398503683,At-Risk
Maharashtra,Thane,0.5250117297466375,0.0,2.775711570685856,4746.777777777777,0.25354160031176953,At-Risk
Jammu And Kashmir,Punch,0.5256132919751155,0.0,3.321915772326169,522.4,0.49699928357693707,At-Risk
West Bengal,Barddhaman,0.5258409576686477,0.0,3.1685166827323314,3955.5,0.17064381971330186,At-Risk
West Bengal,Howrah,0.5261809682688632,0.0,1.7975313974992033,2252.8,0.2451715494804243,At-Risk
Uttar Pradesh,Mathura,0.5263093252106389,0.0,2.15139992666543,1659.5714285714287,0.4096263029423965,At-Risk
Tamil Nadu,Krishnagiri,0.5263349103326034,0.0,5.0,1266.75,0.45737553789868735,At-Risk
Odisha,Balangir,0.52650043009071,0.0,3.942688005711566,1294.5,0.4126225405820442,At-Risk
Gujarat,Valsad,0.526552143378465,0.0,3.1183656450879185,1032.0,0.38633638115136554,At-Risk
Odisha,Baleswar,0.527087134640114,0.0,4.117674745121815,1502.75,0.5098611048653439,At-Risk
Assam,Nalbari,0.527338889757759,0.0,1.5145886249648879,614.3333333333334,0.6084773879387161,At-Risk
Arunachal Pradesh,Tirap,0.527366096253432,0.0,1.9596320346320346,24.5,0.5170391785380194,At-Risk
Jammu & Kashmir,Kargil,0.5281178680244211,0.0,0.0,1.3333333333333333,0.0,At-Risk
Orissa,Baudh,0.5282064927767931,0.0,0.0,1.3333333333333333,0.0,At-Risk
Uttarakhand,Tehri Garhwal,0.5283183236019879,0.0,4.1542049846727975,692.0,0.37845905099283766,At-Risk
Uttar Pradesh,Auraiya,0.5283405883988461,0.0,2.712555422373629,929.0,0.3356423778549167,At-Risk
Madhya Pradesh,Gwalior,0.5286172269913538,0.0,2.603457910141321,1968.0,0.4094176551104477,At-Risk
Assam,Sonitpur,0.5289641716578428,0.0,1.1513450256020217,913.7777777777778,0.468949150231211,At-Risk
Nagaland,Kiphire,0.5289929360859139,0.0,0.690601703081785,171.2,0.3372514108368794,At-Risk
Delhi,North East,0.5291368535606298,0.0,0.9730271580199261,434.0,0.05327127625492109,At-Risk
Maharashtra,Solapur,0.5295117322291235,0.0,2.030296010647613,1718.857142857143,0.33323039292840734,At-Risk
Gujarat,Jamnagar,0.5295606682355978,0.0,2.7431900679162027,828.1428571428571,0.3775853371099199,At-Risk
Madhya Pradesh,Hoshangabad,0.530128853438988,0.0,2.0001473703601365,1194.0,0.36632851038784653,At-Risk
Meghalaya,South West Garo Hills,0.5303434426371946,0.0,1.0208691322346324,509.125,0.48903867364543313,At-Risk
Chhattisgarh,Surajpur,0.5303872119695547,0.0,3.2333994638273813,742.5,0.29351693257762645,At-Risk
Madhya Pradesh,Agar Malwa,0.530636088954923,0.0,1.2904296514844182,627.0,0.18311080708426414,At-Risk
Telangana,Mahabubnagar,0.5306910449900949,0.0,4.3030150753768845,2538.0,0.4228903844999299,At-Risk
Jammu & Kashmir,Kupwara,0.5309343829284398,0.0,0.0,3.0,0.0,At-Risk
Meghalaya,East Garo Hills,0.5309939005317486,0.0,0.29238147605083087,547.25,0.37297560805959107,At-Risk
Jharkhand,Deoghar,0.5309943349668091,0.0,1.5344778251986035,1366.1666666666667,0.3021841913536567,At-Risk
Odisha,Cuttack,0.5310400592569422,0.0,3.8934262166405027,1266.25,0.40428502940905664,At-Risk
Madhya Pradesh,Bhind,0.5312296056874307,0.0,2.0593779120008153,1480.888888888889,0.46051066605578683,At-Risk
Andhra Pradesh,Cuddapah,0.5313340631842352,0.0,5.0,1483.0,0.3667847238617789,At-Risk
West Bengal,Murshidabad,0.5314008575748097,0.0,3.9543459885700476,8956.25,0.17478300251590237,At-Risk
Nagaland,Meluri,0.5316887794112536,0.0,0.2857142857142857,5.0,0.18081209257084593,At-Risk
Kerala,Kozhikode,0.5317553022799153,0.0,3.7797426675320516,1625.25,0.23413479959919048,At-Risk
Kerala,Alappuzha,0.531857828954228,0.0,2.9811641668967925,857.0,0.22918147387152943,At-Risk
Chhattisgarh,Bastar,0.5319689900253709,0.0,2.891033908049863,1650.5,0.2308304052678276,At-Risk
Bihar,Bhabua,0.5326613165988948,0.0,0.25,7.75,0.0532495523844696,At-Risk
Karnataka,Koppal,0.5327094302818614,0.0,4.163409465505062,1350.5,0.3108659128359298,At-Risk
Meghalaya,South Garo Hills,0.5329819568258437,0.0,0.3456337190462492,374.375,0.4624473416121963,At-Risk
Jammu And Kashmir,Kupwara,0.5331175277169569,0.0,4.298988621997472,708.75,0.38653603105608664,At-Risk
Jammu And Kashmir,Anantnag,0.5334823988635179,0.0,4.69551282051282,828.75,0.39863869086772075,At-Risk
West Bengal,24 Paraganas North,0.5338219641677963,0.0,0.0,2817.5,0.0,At-Risk
Telangana,Medak,0.5338744765057519,0.0,4.010733452593918,1884.25,0.3834187435527549,At-Risk
West Bengal,Kolkata,0.5339727674382233,0.0,0.47327597915727443,1204.875,0.23789931659396257,At-Risk
Assam,Marigaon,0.5340511890004904,0.0,1.835117524045394,1073.6666666666667,0.4318676118954224,At-Risk
Manipur,Tamenglong,0.5341869982275049,0.0,2.6129123303352033,232.75,0.36501524659846424,At-Risk
Uttar Pradesh,Mahoba,0.5342594402738678,0.0,2.294451337193273,752.0,0.3416697077492354,At-Risk
Jharkhand,Hazaribagh,0.5343840145275085,0.0,1.9622401014723436,1234.6,0.3279459538182845,At-Risk
Assam,Goalpara,0.5344709286918292,0.0,1.551129821484554,1137.625,0.49430435838192627,At-Risk
Uttar Pradesh,Lalitpur,0.5346827755187155,0.0,2.0700536154934204,936.2,0.40291294150831314,At-Risk
Karnataka,Bagalkot,0.534684154850033,0.0,4.55,1764.5,0.3482847333962806,At-Risk
Uttar Pradesh,Jyotiba Phule Nagar,0.5349796249956557,0.0,0.24107142857142858,21.0,0.029973003596719276,At-Risk
Jharkhand,Godda,0.5350620373266605,0.0,1.4016155886190638,1074.6,0.3398838601525194,At-Risk
Uttar Pradesh,Firozabad,0.535145175784838,0.0,2.461992670613704,1739.4285714285713,0.36093861002177946,At-Risk
Maharashtra,Kolhapur,0.5354056971813853,0.0,4.098568628823406,1852.0,0.29612134915103006,At-Risk
Jammu And Kashmir,Bandipore,0.5356020618287979,0.0,3.7260879961740794,399.0,0.41011390566632566,At-Risk
Assam,Lakhimpur,0.5359394609915932,0.0,1.8114990557049664,727.8888888888889,0.4635457439763224,At-Risk
Assam,Sibsagar,0.5359471480786385,0.0,1.7523609428629114,345.8333333333333,0.6282037158590614,At-Risk
Tamil Nadu,Dharmapuri,0.5362155384388142,0.0,5.0,1422.75,0.4826099874233529,At-Risk
Karnataka,Gulbarga,0.536395285945157,0.0,2.9629018577746473,1088.25,0.22661693424129092,At-Risk
Rajasthan,Ajmer,0.5365300151183401,0.0,2.8699117026136705,1997.8333333333333,0.3998620643748015,At-Risk
Jharkhand,East Singhbhum,0.5369718717779399,0.0,1.2261682146012047,1348.6666666666667,0.3223051151519746,At-Risk
Assam,Barpeta,0.537142387539244,0.0,1.6965324113460736,1539.0,0.549494134883494,At-Risk
Meghalaya,North Garo Hills,0.538043416198718,0.0,0.20868576750929693,330.14285714285717,0.647337998495785,At-Risk
Rajasthan,Jaisalmer,0.5380695009210024,0.0,0.9977859905659706,560.6,0.45350307259295997,At-Risk
Karnataka,Kalaburagi,0.538911783616585,0.0,4.576144781144781,939.6,0.4817258068825575,At-Risk
Gujarat,Surendra Nagar,0.5391163156431377,0.0,1.4358882280202447,1086.3333333333333,0.34537263533802687,At-Risk
Odisha,Ganjam,0.5393977752580543,0.0,4.69740099009901,1926.25,0.3839211894869621,At-Risk
Bihar,Purbi Champaran,0.5394578540066498,0.0,0.0,4690.333333333333,0.0,At-Risk
Jharkhand,Ramgarh,0.5395607970145623,0.0,1.94581269336756,742.0,0.21752791551846565,At-Risk
Pondicherry,Yanam,0.5396166219198554,0.0,0.08333333333333333,6.5,0.012453185248049,At-Risk
Mizoram,Hnahthial,0.5398997106662495,0.0,1.5,1.0,0.32387955182072825,At-Risk
Madhya Pradesh,Sidhi,0.5399845884162235,0.0,4.1630133581755455,1569.25,0.26683574309480124,At-Risk
West Bangal,Hooghly,0.5400455722378619,0.0,0.25,1.5,0.14593644763853778,At-Risk
Kerala,Kasargod,0.5401024832308067,0.0,0.4583333333333333,78.75,0.0515212876739912,At-Risk
Gujarat,Gir Somnath,0.5402321931274856,0.0,2.4441122755408466,764.2857142857143,0.5471351634072493,At-Risk
Kerala,Kottayam,0.5404869582594793,0.0,2.9203698557530116,817.25,0.23421975504446108,At-Risk
Andhra Pradesh,East Godavari,0.5409372501998402,0.0,5.0,1917.0,0.4142070589604584,At-Risk
Tamil Nadu,Thoothukkudi,0.5417678357314148,0.0,4.982683982683983,1329.0,0.43849619025896247,At-Risk
Jammu & Kashmir,Leh (Ladakh),0.5419844559135301,0.0,1.0,1.5,0.7352941176470588,At-Risk
Karnataka,Mysuru,0.5420031728240596,0.0,3.842105263157895,685.5,0.4386029161062683,At-Risk
Jharkhand,Gumla,0.5425404965882367,0.0,1.3879544589123796,1101.1666666666667,0.27887454858472543,At-Risk
Uttar Pradesh,Baghpat,0.5427548023692846,0.0,1.3735471342300107,955.0,0.42075535023909094,At-Risk
Jharkhand,Bokaro *,0.5427724125047788,0.0,0.0,1.0,0.0,At-Risk
Orissa,Nuapada,0.5427724125047788,0.0,0.0,1.0,0.0,At-Risk
Bihar,Kishanganj,0.5428072759183957,0.0,2.7841031602071884,2184.75,0.1741922499638058,At-Risk
Tamil Nadu,Tuticorin,0.5429922366454663,0.0,0.0,1.0,0.0,At-Risk
Jammu & Kashmir,Bandipur,0.5429972326486636,0.0,0.0,1.0,0.0,At-Risk
The Dadra And Nagar Haveli And Daman And Diu,Dadra And Nagar Haveli,0.54304176224238,0.0,0.0,344.5,0.0,At-Risk
Jammu & Kashmir,Udhampur,0.5432170567893512,0.0,0.0,1.0,0.0,At-Risk
Jammu & Kashmir,Rajauri,0.5434568649428284,0.0,0.0,1.0,0.0,At-Risk
Chhattisgarh,Balrampur,0.5438277638758559,0.0,1.9695797118589478,1224.2,0.24846212590358965,At-Risk
Andhra Pradesh,Chittoor,0.5441926893267994,0.0,5.0,2039.0,0.4088764023693291,At-Risk
Madhya Pradesh,Narsinghpur,0.5445647829562437,0.0,2.5116529939731613,1016.4,0.47535461530136314,At-Risk
Rajasthan,Tonk,0.5448044173356966,0.0,2.6027350183928504,1170.8,0.38582164716393663,At-Risk
Uttar Pradesh,Lucknow,0.5455181989673962,0.0,1.7399824065657086,2784.4444444444443,0.3647659847950117,At-Risk
Assam,Kamrup,0.5457640650764413,0.0,1.5037463971432767,1409.0,0.4942236998913309,At-Risk
Gujarat,Mahisagar,0.5458880100888234,0.0,1.8177107071116285,347.57142857142856,0.5194493111268911,At-Risk
Madhya Pradesh,Neemuch,0.5460636925242415,0.0,3.0275735623532785,1236.75,0.36127575921904476,At-Risk
Jharkhand,Ranchi,0.5467061444012492,0.0,1.3963300727962777,1990.142857142857,0.27718020353838135,At-Risk
Tripura,Unakoti,0.5472077989782087,0.0,1.5930224903416534,122.4,0.56367561775425,At-Risk
Meghalaya,Ri Bhoi,0.5472943867128519,0.0,0.9360345967495728,659.5555555555555,0.6656435662282518,At-Risk
Karnataka,Bengaluru Urban,0.5473996165386531,0.0,0.0,6426.0,0.0,At-Risk
Madhya Pradesh,Guna,0.5476087246145113,0.0,2.0948759864811,1624.1666666666667,0.3855752399569745,At-Risk
Madhya Pradesh,Dhar,0.5480072463768115,0.0,2.666867188228969,1755.2857142857142,0.3823937039711686,At-Risk
Gujarat,Panchmahals,0.5481964428457234,0.0,1.7656140453376956,991.6666666666666,0.31481671916047393,At-Risk
Uttar Pradesh,Gorakhpur,0.5483929523048228,0.0,1.3387946117551173,2171.5555555555557,0.34639085363083433,At-Risk
Tripura,North Tripura,0.5485664946303827,0.0,1.774628376318517,292.4,0.3379249832781672,At-Risk
Westbengal,Hooghly,0.5490167105446078,0.0,0.0,1.75,0.07594978863214714,At-Risk
Rajasthan,Chittorgarh,0.5496350745490564,0.0,2.160967319638682,1171.6,0.38484277653456894,At-Risk
Andhra Pradesh,Visakhapatnam,0.5497468329684079,0.0,5.0,2037.0,0.3811267318518947,At-Risk
Tamil Nadu,Tirunelveli,0.5498419742466896,0.0,5.0,2418.25,0.426206721127084,At-Risk
Madhya Pradesh,Chhindwara,0.5504009292565948,0.0,4.6600346020761245,2233.25,0.32877172881408195,At-Risk
Rajasthan,Rajsamand,0.5514349933097,0.0,1.9336590364435438,1120.75,0.351941347102785,At-Risk
Rajasthan,Bharatpur,0.5518983364033411,0.0,1.944459282607971,2813.1666666666665,0.3914915779738268,At-Risk
Madhya Pradesh,Harda,0.5522774171966774,0.0,1.7157964815428746,529.0,0.3511052755358729,At-Risk
Rajasthan,Dungarpur,0.5524693723282244,0.0,1.2302608247376465,1303.6,0.3919111797012882,At-Risk
Gujarat,Surat,0.5524839134903258,0.0,3.4438136390580922,3544.4285714285716,0.2808865663281277,At-Risk
Karnataka,Yadgir,0.5526479685816564,0.0,3.2879543878450415,1367.2,0.37015806307673865,At-Risk
Assam,Udalguri,0.5529262614752918,0.0,1.5810559578670176,568.5714285714286,0.4926371010495766,At-Risk
Madhya Pradesh,Damoh,0.5529806589511,0.0,2.985524067373979,1504.75,0.3069688756971132,At-Risk
Manipur,Churachandpur,0.5533871660435626,0.0,1.2123172285948696,647.1428571428571,0.42721286351222726,At-Risk
Rajasthan,Bikaner,0.554399007967539,0.0,1.6322048923382764,1635.5,0.349250662721973,At-Risk
Assam,North Cachar Hills,0.554409443459725,0.0,0.8527604713308472,153.5,0.531399733463636,At-Risk
Madhya Pradesh,Khargone,0.5546279009401175,0.0,1.4600833152314032,1816.625,0.4148940141425359,At-Risk
Haryana,Mewat,0.5549331838876725,0.0,4.7213675213675215,1507.8,0.36647548148279835,At-Risk
Madhya Pradesh,Khandwa,0.5561140528570933,0.0,2.327120298813017,634.1428571428571,0.5260520918467165,At-Risk
Rajasthan,Jhunjhunun,0.5563266234838216,0.0,2.6278451746948126,1881.25,0.35945752617429966,At-Risk
Andhra Pradesh,Guntur,0.5565177206061238,0.0,4.934171597633136,2423.5,0.3635986417727889,At-Risk
West Bengal,Uttar Dinajpur,0.5575931283958341,0.0,1.751975832001241,4420.666666666667,0.14667677763902157,At-Risk
Rajasthan,Dholpur,0.5577486561475458,0.0,2.4488939932841274,1405.0,0.43204301256144206,At-Risk
Jammu And Kashmir,Kathua,0.5577995755569457,0.0,2.8757405135967433,736.25,0.43187484382875935,At-Risk
Jharkhand,Khunti,0.5578567218688817,0.0,1.0816225216696085,433.1666666666667,0.25952578039567475,At-Risk
Uttar Pradesh,Raebareli,0.5579067181037778,0.0,0.16666666666666666,1.5,0.23729031842622106,At-Risk
West Bengal,South 24 Pargana,0.5579677562297988,0.0,1.0,1.0,0.29411764705882354,At-Risk
Jharkhand,Sahebganj,0.5586563358009244,0.0,1.8009519275464387,1576.5,0.24067241698304306,At-Risk
Assam,Jorhat,0.5586739847252633,0.0,0.9356157627549063,503.375,0.5856611107000291,At-Risk
Puducherry,Pondicherry,0.5591210003012083,0.0,1.6666666666666667,1.0,0.3859998105522402,At-Risk
Jharkhand,Lohardaga,0.5591735669435466,0.0,1.5444253861661668,483.8333333333333,0.29129086233535184,At-Risk
Punjab,Ludhiana,0.5592547459616848,0.0,2.0378583779333286,1864.6666666666667,0.3018020115756964,At-Risk
Ladakh,Kargil,0.5592927288603899,0.0,2.528067722895309,121.25,0.4987392868517752,At-Risk
Kerala,Kasaragod,0.559347141851736,0.0,2.5717069303779545,873.25,0.25536632340447013,At-Risk
Uttar Pradesh,Jaunpur,0.5595894712801187,0.0,1.8269200424321894,2233.8571428571427,0.4067941215620798,At-Risk
West Bengal,South Twenty Four Parganas,0.5602325748097174,0.0,0.9265135293649069,1025.75,0.054925658254859074,At-Risk
Maharashtra,Dhule,0.5604086916801962,0.0,1.0167678294861786,1726.5714285714287,0.3304417244230481,At-Risk
Bihar,Katihar,0.5613922267982715,0.0,1.3935093572791828,2705.8333333333335,0.2809801886295143,At-Risk
Madhya Pradesh,Shahdol,0.5618587738504848,0.0,3.1623617023725528,1309.5,0.299835259258786,At-Risk
Mizoram,Saiha,0.5621007179763436,0.0,0.9505012531328321,92.5,0.5042154619293298,At-Risk
Assam,Darrang,0.5624234579727523,0.0,0.905288802828834,788.0,0.6872668167069166,At-Risk
Chhattisgarh,Gaurella Pendra Marwahi,0.5627265578841275,0.0,0.0,456.5,0.0,At-Risk
Uttarakhand,Udham Singh Nagar,0.5630827946338581,0.0,3.8996664939045003,1519.25,0.44174903293936707,At-Risk
Karnataka,Belagavi,0.5633180955235811,0.0,4.730392156862745,1921.25,0.4441902524684749,At-Risk
Bihar,Patna,0.5635351139378353,0.0,1.2098247582426447,2655.1111111111113,0.3304352428747721,At-Risk
Rajasthan,Ganganagar,0.5635453050602997,0.0,2.503959708087605,1365.5,0.33733299632385916,At-Risk
Bihar,Sheikhpura,0.5642559322107531,0.0,1.1565218248458882,794.5,0.23272219727522522,At-Risk
Rajasthan,Udaipur,0.5644056493935287,0.0,1.3151837971672604,2452.3333333333335,0.40948663064467317,At-Risk
Uttar Pradesh,Chandauli,0.5645066012407465,0.0,1.2195306994909052,1173.875,0.5018474132839646,At-Risk
Assam,Tinsukia,0.5645397269141209,0.0,1.052358745217853,843.875,0.4567703800414569,At-Risk
Assam,Hailakandi,0.5648365365678472,0.0,1.6180091677023114,877.8333333333334,0.4530768653841409,At-Risk
Rajasthan,Karauli,0.5648685037477265,0.0,2.156408230493318,1421.1666666666667,0.4512997833545575,At-Risk
Jammu And Kashmir,Jammu,0.5649957425364056,0.0,1.737751126137288,904.4,0.41490482498102715,At-Risk
Uttar Pradesh,Hamirpur,0.5653111206686824,0.0,1.7255772422744104,859.5,0.33773233403815645,At-Risk
Uttar Pradesh,Deoria,0.5653175647887487,0.0,1.5332574329607749,1690.5,0.4017460164526329,At-Risk
Kerala,Malappuram,0.5653730493865777,0.0,1.7320625725210632,2864.2,0.26914456675749415,At-Risk
Uttar Pradesh,Jhansi,0.5653829110624544,0.0,1.5653295857722305,1417.8,0.41156915912262504,At-Risk
Rajasthan,Churu,0.5654768421287815,0.0,1.716843567890049,1802.857142857143,0.399668518052881,At-Risk
Madhya Pradesh,Ashoknagar,0.5657067824001668,0.0,0.0,1458.5,0.0,At-Risk
Orissa,Jagatsinghapur,0.5661393168074236,0.0,0.375,8.75,0.20813007756088453,At-Risk
Gujarat,Devbhumi Dwarka,0.5662117200649418,0.0,1.996413652632055,323.85714285714283,0.6179808038716519,At-Risk
Uttar Pradesh,Kushinagar,0.5662199370938032,0.0,1.625546471727197,2116.2,0.34746742954348014,At-Risk
Uttar Pradesh,Ambedkar Nagar,0.5664854203593647,0.0,1.410605636401225,1590.4,0.3871244298279385,At-Risk
Rajasthan,Bhilwara,0.5668807345428005,0.0,1.4374895051402081,1816.6666666666667,0.4286806801300447,At-Risk
Jharkhand,Garhwa,0.5673964632641713,0.0,2.271517905880802,1514.5,0.24852905197375108,At-Risk
Jammu And Kashmir,Kargil,0.5674059122267403,0.0,2.6735385210994966,131.25,0.5216102609346454,At-Risk
Meghalaya,West Khasi Hills,0.5674544181080257,0.0,1.0208552484497628,1176.4444444444443,0.5998623623306086,At-Risk
Meghalaya,West Garo Hills,0.5677063512233691,0.0,0.5544049793778391,1416.875,0.2950798038750179,At-Risk
Uttar Pradesh,Budaun,0.5677940799534286,0.0,1.5578184563894721,1897.5,0.46278700169852804,At-Risk
Uttar Pradesh,Bara Banki,0.5686111545546171,0.0,1.8130589144098614,1798.8,0.45553975780997363,At-Risk
Orissa,Kalahandi,0.5688158893175315,0.0,0.0,3.6666666666666665,0.13361124472235583,At-Risk
Uttar Pradesh,Mau,0.5690106610363882,0.0,1.8351823506539826,1883.0,0.2738513277365542,At-Risk
Jammu And Kashmir,Kulgam,0.5692804995134327,0.0,3.333868239040653,300.5,0.5388386234660503,At-Risk
Bihar,Darbhanga,0.5695305060299586,0.0,1.5591865648782988,3138.8,0.2504149636734123,At-Risk
Meghalaya,East Jaintia Hills,0.5695761868765857,0.0,0.5820471324160441,417.125,0.878984480193789,At-Risk
Madhya Pradesh,Barwani,0.5698717384787823,0.0,1.9792915061616552,2644.5,0.41628777841756937,At-Risk
Meghalaya,South West Khasi Hills,0.5708720795103047,0.0,0.4570385802995667,291.5,0.7103371850583037,At-Risk
Assam,Biswanath,0.5708974125047789,0.0,1.5486169910023486,250.6,0.39716558349898173,At-Risk
Bihar,Bhagalpur,0.5709001156562672,0.0,1.561613874435594,2298.3333333333335,0.3487452568831752,At-Risk
Uttar Pradesh,Jalaun,0.5709105903682851,0.0,1.1890521252378676,905.3333333333334,0.41480838891647126,At-Risk
Rajasthan,Banswara,0.5715953324297084,0.0,1.3928376140161867,1808.25,0.31333740641390273,At-Risk
Chhattisgarh,Kondagaon,0.572029061533382,0.0,2.288002947663156,757.25,0.23067326756376794,At-Risk
Karnataka,Bangalore,0.5720871129183609,0.0,2.705384388707262,1753.0,0.19348672359478214,At-Risk
Madhya Pradesh,Chhatarpur,0.5721521695686929,0.0,1.9865688401545547,2183.625,0.4516900646375701,At-Risk
Bihar,Jehanabad,0.5722519086180331,0.0,0.7328471774794648,790.3333333333334,0.2820770316921403,At-Risk
Assam,Kamrup Metro,0.5732180016856081,0.0,0.9372622253240426,588.625,0.5232990245419477,At-Risk
Rajasthan,Alwar,0.5737799434365551,0.0,1.6341834563854967,2884.75,0.42136315392099294,At-Risk
Uttar Pradesh,Allahabad,0.5746132984916414,0.0,2.796640060443668,3300.0,0.32405679440256013,At-Risk
Karnataka,Raichur,0.5750183766030654,0.0,2.4923209209771224,1935.0,0.3752647047262426,At-Risk
Uttar Pradesh,Farrukhabad,0.5753292583324644,0.0,1.4286256634202554,1157.6,0.4175923721734446,At-Risk
Jammu & Kashmir,Pulwama,0.5761611001054229,0.0,0.0,1.3333333333333333,0.24630541871921183,At-Risk
Arunachal Pradesh,Leparada,0.5761895193989736,0.0,1.5,0.6666666666666666,1.2905525846702317,At-Risk
Jharkhand,Jamtara,0.5765231293226288,0.0,1.4085526511288737,1108.5,0.20327004425089562,At-Risk
Orissa,Debagarh,0.577014312463073,0.0,0.0,1.75,0.16873128561769535,At-Risk
Madhya Pradesh,Rewa,0.5777241793521704,0.0,3.6942432724919705,2702.25,0.3085238125600736,At-Risk
Andhra Pradesh,Kurnool,0.5778134014527508,0.0,5.0,2936.5,0.4222114168126503,At-Risk
Uttar Pradesh,Ghaziabad,0.5787669592586799,0.0,1.9499994950741129,2834.625,0.29596701893769795,At-Risk
Madhya Pradesh,Singrauli,0.5788484972891252,0.0,3.843384006638317,1632.0,0.33228909829581793,At-Risk
Rajasthan,Nagaur,0.5790523481835649,0.0,1.4358647810852172,2437.0,0.42355988586841037,At-Risk
Bihar,Sheohar,0.5792137485663642,0.0,1.4323634862514725,812.75,0.17476403167563975,At-Risk
Uttar Pradesh,Rampur,0.5793550485698398,0.0,1.632194278563032,2476.0,0.3833741748186572,At-Risk
Madhya Pradesh,Shivpuri,0.5794793668171053,0.0,0.9348891525331142,1713.4285714285713,0.408696810796267,At-Risk
Uttar Pradesh,Sultanpur,0.5795037611215376,0.0,1.0141935599147733,1412.75,0.4687838462938453,At-Risk
Tamil Nadu,Tiruvallur,0.5796051202516248,0.0,4.322223518773012,2844.25,0.3976616511476175,At-Risk
Bihar,Siwan,0.5798888839239168,0.0,0.6405060675199294,2167.714285714286,0.2996294836967906,At-Risk
Madhya Pradesh,Ratlam,0.580032169916241,0.0,2.4217861124484195,1976.25,0.43857259861507075,At-Risk
Madhya Pradesh,Burhanpur,0.5801221522781774,0.0,1.4331613407036001,1162.625,0.43589501104745565,At-Risk
Kerala,Palakkad,0.5810107891947311,0.0,2.627873915600751,1638.75,0.2240642044787181,At-Risk
Uttar Pradesh,Faizabad,0.5826376398880895,0.0,2.0739659002150663,1730.75,0.3430969562093813,At-Risk
Bihar,Arwal,0.5829184116474936,0.0,0.5029459317436756,638.6666666666666,0.26622172116966686,At-Risk
Uttar Pradesh,Kaushambi,0.5834132331815707,0.0,2.000365341917341,1232.3333333333333,0.49970137156600186,At-Risk
Punjab,S.A.S Nagar,0.5835790063601293,0.0,0.0,328.5,0.0,At-Risk
Madhya Pradesh,East Nimar,0.5842725819344524,0.0,0.5439231649989881,767.6,0.20558238924450656,At-Risk
Uttar Pradesh,Maharajganj,0.5843567175245311,0.0,1.2434825277379795,1933.0,0.4114687894982133,At-Risk
Rajasthan,Dausa,0.5847305850971397,0.0,2.3241825317155342,1521.0,0.42468576954253207,At-Risk
Madhya Pradesh,Rajgarh,0.5854484347304765,0.0,2.0823541288954166,2034.0,0.3291096861244336,At-Risk
Jharkhand,Seraikela-Kharsawan,0.5856531079484238,0.0,1.5937403845131919,1055.0,0.2249097496653351,At-Risk
Punjab,Kapurthala,0.5864194242432141,0.0,1.881153374811463,314.125,0.42012591809370003,At-Risk
Bihar,Araria,0.5864680357163544,0.0,0.9842281060320287,2575.6666666666665,0.25496586313549385,At-Risk
Jammu & Kashmir,Anantnag,0.5869170967573767,0.0,0.0,2.0,0.16420361247947454,At-Risk
Jharkhand,Koderma,0.5873031466131442,0.0,1.4189572812988822,802.5,0.295582512630851,At-Risk
Chhattisgarh,Bijapur,0.5874973933896361,0.0,1.0097809299782328,595.7777777777778,0.3886259206132236,At-Risk
Telangana,Medchal Malkajgiri,0.5876806163764641,0.0,0.0,337.0,0.0,At-Risk
Jharkhand,Chatra,0.5878790807933364,0.0,0.9377289883102203,1044.5,0.3465350889095465,At-Risk
Uttar Pradesh,Saharanpur,0.5879297105793626,0.0,2.3469148981187145,2383.375,0.3689453029744048,At-Risk
Uttar Pradesh,Fatehpur,0.5880769297605394,0.0,1.087737229307903,1513.5,0.4588201513706491,At-Risk
Meghalaya,East Khasi Hills,0.5882084429075098,0.0,0.902504678304097,2096.0,0.539436725303992,At-Risk
Jammu & Kashmir,Srinagar,0.5882410376046989,0.0,0.0,1.0,0.19607843137254902,At-Risk
Uttar Pradesh,Sant Ravidas Nagar,0.588489154328711,0.0,1.9735479977756705,1104.0,0.3583294671786263,At-Risk
Madhya Pradesh,Tikamgarh,0.5885733261217113,0.0,2.5284143826908947,1803.25,0.30011759942728866,At-Risk
West Bengal,Darjeeling,0.5891554147985959,0.0,1.12443984851489,818.25,0.2687205098677711,At-Risk
Uttar Pradesh,Amethi,0.5894165645744274,0.0,1.9515822129610223,1785.25,0.3202498482264349,At-Risk
Uttar Pradesh,Bijnor,0.5895199058144789,0.0,3.047199681683786,3355.6,0.3240390313873281,At-Risk
Jammu And Kashmir,Rajouri,0.5896307410593264,0.0,2.4663718641582584,666.25,0.49520049844858893,At-Risk
Bihar,Kaimur (Bhabua),0.59020628605811,0.0,0.9492522050942955,967.5,0.3568375106159561,At-Risk
Gujarat,Dang,0.5903191577173044,0.0,0.0,355.0,0.0,At-Risk
Maharashtra,Mumbai,0.5903533260348243,0.0,1.622656357405106,2895.0,0.2438723446466664,At-Risk
Madhya Pradesh,Sheopur,0.5908422330458614,0.0,1.1924452616763583,1013.0,0.39350742099470143,At-Risk
Uttar Pradesh,Shamli,0.5908729103673582,0.0,2.2859559330138888,1628.6,0.4014475057717405,At-Risk
Bihar,Begusarai,0.5910547214402391,0.0,1.6642661989403251,2630.2,0.2540713502422701,At-Risk
Bihar,Munger,0.5914451978789639,0.0,0.7447017176471861,854.1428571428571,0.2974577346370036,At-Risk
Uttar Pradesh,Etah,0.591611555476116,0.0,1.6017266857491497,1586.4285714285713,0.5108622562155242,At-Risk
Tripura,Sepahijala,0.5918250182462725,0.0,1.665737639553429,339.6,0.3579847810198399,At-Risk
Jammu And Kashmir,Udhampur,0.5919429130608557,0.0,1.8502514982876712,698.75,0.36497356112142737,At-Risk
Uttar Pradesh,Etawah,0.5920456750541596,0.0,1.9049005404363764,1173.0,0.4257761639562347,At-Risk
Meghalaya,West Jaintia Hills,0.5924422056557652,0.0,0.7306754423155789,890.8888888888889,0.7064926648020111,At-Risk
Bihar,Lakhisarai,0.5939760148403016,0.0,1.201193978518375,1014.5,0.2718315725023841,At-Risk
Goa,Bardez,0.5943561455183679,0.0,0.0,1.0,0.2306805074971165,At-Risk
Bihar,Khagaria,0.5947991606714629,0.0,1.6650415456785836,2031.75,0.2121859427424785,At-Risk
Bihar,Rohtas,0.5950795341987279,0.0,1.7086717600530648,1965.25,0.18582873649872333,At-Risk
Uttar Pradesh,Kanpur Nagar,0.595480427252401,0.0,1.3153789533331033,2670.3333333333335,0.3394820594946549,At-Risk
Rajasthan,Jodhpur,0.5955377002745629,0.0,1.3883235749108371,2660.875,0.39881557966541925,At-Risk
Uttar Pradesh,Mirzapur,0.5956506533903312,0.0,1.79602808127966,1909.25,0.34636246849961216,At-Risk
Uttar Pradesh,Ghazipur,0.5974309139644806,0.0,1.8335238880244162,2804.25,0.33249560195815464,At-Risk
Jammu And Kashmir,Kishtwar,0.5975102526674313,0.0,2.040089514066496,315.75,0.40956154260812905,At-Risk
Rajasthan,Sirohi,0.5993047952941994,0.0,0.638284707759388,1294.125,0.3947059594476576,At-Risk
Uttar Pradesh,Banda,0.5994737301945884,0.0,1.2350870470207163,1154.2222222222222,0.46718037148409486,At-Risk
Uttar Pradesh,Kasganj,0.599493144614743,0.0,1.6263862408969445,1236.6,0.4221051653248996,At-Risk
Jharkhand,Bokaro,0.599702629200987,0.0,1.8834428753948644,1445.75,0.2770105281491675,At-Risk
Madhya Pradesh,Shajapur,0.6000089602231259,0.0,2.4266432853977946,1751.75,0.30355870224676235,Performing
Rajasthan,Sawai Madhopur,0.6007371928544122,0.0,1.5715902128009906,1331.6,0.4086563002094986,Performing
Mizoram,Lawngtlai,0.6009820404545928,0.0,0.9931594143566533,220.71428571428572,0.46345017495389784,Performing
Chhattisgarh,Sukma,0.6011776603561871,0.0,1.3640771480175453,294.2857142857143,0.35720851144124766,Performing
Jharkhand,Dhanbad,0.6012987870573107,0.0,1.3295841062712561,2187.8,0.2260497486726508,Performing
Assam,Cachar,0.6016266179602902,0.0,1.2013314936116564,2283.8571428571427,0.4762511258386533,Performing
Bihar,Banka,0.6022516045134906,0.0,0.9117267490099935,1832.5,0.2888438422429707,Performing
Uttar Pradesh,Amroha,0.6026583443390215,0.0,1.5252499173846286,1346.8333333333333,0.4625918752675171,Performing
Madhya Pradesh,Morena,0.6031412370103917,0.0,2.001504898721718,2713.875,0.4468895697251771,Performing
Jharkhand,West Singhbhum,0.6032984481979634,0.0,1.2767491931584019,1360.0,0.23888065470971295,Performing
Uttar Pradesh,Sambhal,0.6069109060577624,0.0,1.4080641442436064,1712.0,0.43311946572054916,Performing
Uttar Pradesh,Pratapgarh,0.606984792600702,0.0,2.0888465814821804,2563.0,0.3242695483140149,Performing
Bihar,Buxar,0.6086833250790672,0.0,1.2687241260658968,1794.0,0.18268829324257985,Performing
Madhya Pradesh,Sehore,0.6088579136690646,0.0,1.8896363124653401,1292.6,0.36117555928033696,Performing
Uttar Pradesh,Shahjahanpur,0.6092175172905154,0.0,1.3266269426474522,2980.5,0.47622944470258155,Performing
Bihar,Madhubani,0.609876301857065,0.0,1.1289551235551032,2792.4444444444443,0.34869264012783807,Performing
Uttar Pradesh,Gautam Buddha Nagar,0.6105366672845298,0.0,1.8730079224872596,2035.5555555555557,0.2981360042630705,Performing
Assam,Kokrajhar,0.6109256797460582,0.0,1.4336509746450483,454.55555555555554,0.4822952666774342,Performing
Uttar Pradesh,Shrawasti,0.6109560177944601,0.0,0.8937995500208471,827.8333333333334,0.4191716500071272,Performing
Bihar,Vaishali,0.6120498383901575,0.0,0.8321712852902342,3591.0,0.2499349487595463,Performing
Uttar Pradesh,Shravasti,0.6127325313662113,0.0,0.0,1218.5,0.0,Performing
Uttar Pradesh,Hathras,0.6129095636534251,0.0,1.5942409298113975,1068.5,0.4929651742643295,Performing
Bihar,Saharsa,0.6134886811048056,0.0,0.5712384432397422,1836.857142857143,0.2738475562820439,Performing
Uttar Pradesh,Basti,0.6141572394258505,0.0,1.1650328871678326,2007.8,0.4156773884456043,Performing
Uttar Pradesh,Aligarh,0.6144869852909942,0.0,1.8052342219383695,2845.1111111111113,0.4678817761723916,Performing
Uttar Pradesh,Muzaffarnagar,0.6151639195889665,0.0,2.0296242494081995,1970.8333333333333,0.4268079526408253,Performing
Telangana,Medchal?Malkajgiri,0.6162885995551386,0.0,0.0,1.0,0.5882352941176471,Performing
Madhya Pradesh,Umaria,0.6163919950995725,0.0,1.6274946914604456,1316.5,0.30807817286729433,Performing
Uttar Pradesh,Kannauj,0.6180723247488966,0.0,1.5262204510003052,1307.6,0.4187022034543575,Performing
Uttar Pradesh,Pilibhit,0.6185203196138741,0.0,2.2746418513584006,1677.75,0.43961861012059705,Performing
Rajasthan,Barmer,0.6186854429499877,0.0,1.243841496867948,3151.0,0.46584080820979973,Performing
Assam,Karimganj,0.6194727641799604,0.0,0.7342475467318094,1779.875,0.5191978537677667,Performing
Uttar Pradesh,Azamgarh,0.6197971126204627,0.0,0.7853341751863201,2899.1428571428573,0.4038211436226686,Performing
Bihar,Purnia,0.6210853987617361,0.0,0.8090413772159722,2845.1428571428573,0.33509049372926264,Performing
Uttar Pradesh,Varanasi,0.6226659704844819,0.0,0.8674001074245956,2860.375,0.43505056273666637,Performing
Bihar,Saran,0.6226820407028414,0.0,0.4934977074474448,3428.4285714285716,0.29663542191197984,Performing
Jammu And Kashmir,Doda,0.622811446494978,0.0,1.0412312074632208,894.0,0.4288571620960256,Performing
Bihar,Muzaffarpur,0.6235770320941314,0.0,1.2563132547716422,3132.222222222222,0.3246220205209448,Performing
Bihar,Samastipur,0.6237021252563166,0.0,1.2410161542574083,3815.2,0.22689850175107354,Performing
Karnataka,Bijapur(Kar),0.6238572185729677,0.0,0.0,1.5,0.4093016516951608,Performing
Uttar Pradesh,Kanpur Dehat,0.6245705609425504,0.0,1.5728592284611949,1305.6666666666667,0.47792540661673244,Performing
Karnataka,Bengaluru,0.6247013620987268,0.0,3.4307969390206243,4528.833333333333,0.35430359538109113,Performing
Uttar Pradesh,Unnao,0.6251186249068378,0.0,1.2454913464936013,2086.777777777778,0.4447997652146774,Performing
Jammu And Kashmir,Reasi,0.6267502302505821,0.0,1.3846854160659332,426.5,0.43456701090442595,Performing
Madhya Pradesh,Alirajpur,0.6300769981840615,0.0,0.46313768955155055,830.125,0.4862129856598629,Performing
West Bengal,South 24 Parganas,0.631883732144719,0.0,2.1999157068274666,8309.5,0.15827361750710423,Performing
Assam,Golaghat,0.631984493926598,0.0,0.6254525656271948,1198.0,0.4951772296831825,Performing
Jammu And Kashmir,Ramban,0.6348312111180621,0.0,2.1177835388971626,478.5,0.6781810085634599,Performing
Bihar,Madhepura,0.635413517012477,0.0,1.2409279051178452,2247.0,0.17802598615016074,Performing
Uttar Pradesh,Ballia,0.6366749535154484,0.0,1.8174687112005496,2484.75,0.3340591751614296,Performing
Assam,Karbi Anglong,0.6369275956046757,0.0,0.9238194532493594,1170.8333333333333,0.5435126662933714,Performing
Uttar Pradesh,Rae Bareli,0.6373882415806486,0.0,2.0957036252408914,2421.75,0.3322704009570076,Performing
Gujarat,Banaskantha,0.6374769387388639,0.0,1.4734107491497799,2620.8333333333335,0.36805124332642825,Performing
Madhya Pradesh,Jhabua,0.6417292253153998,0.0,0.600893548028765,1644.5,0.46994529183545347,Performing
Gujarat,Dahod,0.6447612562124213,0.0,1.172917253519677,1538.6666666666667,0.457783369285869,Performing
Bihar,Bhojpur,0.6452832516595419,0.0,0.6878126178280892,2650.2,0.21634611768606957,Performing
Uttar Pradesh,Sant Kabir Nagar,0.6468818966565878,0.0,1.6519157001289928,1533.0,0.34461003990408867,Performing
Uttar Pradesh,Gonda,0.6471660714906337,0.0,1.0806237000229808,2489.8333333333335,0.4571031373756978,Performing
Uttar Pradesh,Moradabad,0.6484881116845653,0.0,1.9689390857311762,2665.875,0.380574836495743,Performing
Uttar Pradesh,Agra,0.6501708536552401,0.0,1.6991657752412193,3222.777777777778,0.46574595917091766,Performing
Uttar Pradesh,Hapur,0.6502475193758036,0.0,1.6695959683729737,1203.5,0.4272552381856025,Performing
Uttar Pradesh,Bahraich,0.650418023069467,0.0,1.0314223936725104,4114.888888888889,0.5622655582373871,Performing
Bihar,Jamui,0.6516167190471226,0.0,0.7258357976044104,1460.2857142857142,0.40418039424789826,Performing
Uttar Pradesh,Mainpuri,0.65163906142167,0.0,0.6998069282243184,1648.4285714285713,0.4615528507201402,Performing
Bihar,Aurangabad,0.6524407104750981,0.0,1.1718458990901262,2524.25,0.21181789660165015,Performing
Madhya Pradesh,Ujjain,0.6526565703958571,0.0,2.7178456389514927,3553.25,0.425083419302392,Performing
Uttar Pradesh,Meerut,0.6564287971796476,0.0,1.0869002918328343,2971.875,0.4110679612713296,Performing
Bihar,Supaul,0.6572635913008724,0.0,1.0917841133571924,2563.5,0.1742058645389269,Performing
Orissa,Baleswar,0.6583613543947451,0.0,0.0,1.5,0.6223638880839693,Performing
Uttar Pradesh,Kheri,0.6590659537587321,0.0,0.6381313863391698,3015.375,0.5434772947509091,Performing
Bihar,Sitamarhi,0.6599218692678708,0.0,1.1378735453062878,4392.777777777777,0.34418796111435845,Performing
Orissa,Khorda,0.6645424964376325,0.0,0.0,1.0,0.522875816993464,Performing
Jharkhand,Giridih,0.6674344437493482,0.0,1.1333815485426029,2844.2,0.2971754055471959,Performing
Bihar,Nalanda,0.670095590194511,0.0,0.8517030106002134,2406.5,0.2593244033699288,Performing
Uttar Pradesh,Hardoi,0.6709315518599613,0.0,0.9863833640307402,4146.833333333333,0.4902339133489035,Performing
Bihar,Nawada,0.6748992545094359,0.0,0.5373833764774117,3024.4,0.22169552094483563,Performing
Uttar Pradesh,Bareilly,0.6763213613891496,0.0,1.8668178359792138,3400.5,0.4387126124397885,Performing
Uttar Pradesh,Chitrakoot,0.6782386590727418,0.0,1.2381227729218298,1346.75,0.3674073989003514,Performing
Bihar,Gopalganj,0.6797491820208429,0.0,0.5776374247511968,2136.0,0.29680054322640037,Performing
Uttar Pradesh,Sitapur,0.6866688442724082,0.0,0.6524764107373358,3763.25,0.5856869973488399,Performing
Rajasthan,Jalor,0.6901710805268829,0.0,0.4074471538527707,2751.4,0.388975261386218,Performing
Bihar,Gaya,0.7012361849650715,0.0,0.5438247211434394,3370.75,0.35458150951946255,Performing
Uttar Pradesh,Siddharthnagar,0.7039466253084489,0.0,0.7821038482087544,2269.0,0.42631531899294356,Performing
Uttar Pradesh,Balrampur,0.7070446127569994,0.0,0.49201555257111856,1726.857142857143,0.4718622577128914,Performing
Bihar,East Champaran,0.7137352798920283,0.0,0.746417148529725,4753.0,0.2936603023736892,Performing
Bihar,West Champaran,0.7202128152550423,0.0,0.78395633466878,4942.5,0.2812397261156323,Performing
Andaman & Nicobar Islands,Nicobars,,0.0,0.0,1.0,0.9803921568627451,
Andhra Pradesh,Visakhapatanam,,0.0,0.0,214.0,0.0,
Delhi,North East   *,,0.0,0.0,2.0,0.0,
Haryana,Jhajjar *,,0.0,0.0,1.0,0.0,
Haryana,Nuh,,0.0,0.0,1464.0,0.0,
Jammu & Kashmir,Badgam,,0.0,0.0,2.0,0.7389162561576355,
Jammu & Kashmir,Doda,,0.0,0.0,2.0,0.0,
Jammu & Kashmir,Punch,,0.0,0.0,1.0,0.0,
Jammu And Kashmir,Shopian,,0.0,0.0,392.0,0.0,
Jharkhand,East Singhbum,,0.0,0.0,1394.0,0.0,
Karnataka,Ramanagara,,0.0,0.0,192.0,0.0,
Karnataka,Udupi *,,0.0,0.0,2.0,0.0,
Maharashtra,Ahilyanagar,,0.0,5.0,13.0,0.08791266467223009,
Maharashtra,Ahmednagar,,0.0,0.0,340.0,0.0,
Maharashtra,Hingoli *,,0.0,0.0,1.0,0.0,
Meghalaya,Jaintia Hills,,0.0,0.0,4.0,0.12345679012345678,
Meghalaya,Kamrup,,0.0,0.0,84.0,0.0,
Odisha,Nabarangpur,,0.0,0.0,430.0,0.0,
Orissa,Kendrapara *,,0.0,0.0,1.0,0.0,
Orissa,Sundergarh,,0.0,0.0,1.0,0.0,
Rajasthan,Balotra,,0.0,3.0,1.0,0.07352941176470588,
Rajasthan,Beawar,,0.0,5.0,1.0,0.08990495761623427,
Rajasthan,Didwana-Kuchaman,,0.0,5.0,2.0,0.13758312313689522,
Rajasthan,Salumbar,,0.0,5.0,1.0,0.22799817601459188,
Tamil Nadu,Namakkal   *,,0.0,0.0,1.0,0.0,
Tamil Nadu,Tirupathur,,0.0,2.0,4.0,0.2204585537918871,
Tamil Nadu,Tiruvarur,,0.0,0.0,1.0,0.0,
Telangana,Ranga Reddy,,0.0,0.0,274.0,0.0,
Uttar Pradesh,Bagpat,,0.0,0.0,1.0,0.0,
Uttar Pradesh,Kushi Nagar,,0.0,0.0,1556.0,0.0,
West Bengal,24 Paraganas South,,0.0,0.0,468.0,0.0,
West Bengal,Burdwan,,0.0,0.0,2.0,0.0,
West Bengal,Dinajpur Dakshin,,0.0,0.0,963.0,0.0,
West Bengal,East Midnapur,,0.0,0.0,1.0,0.0,
West Bengal,Hooghiy,,0.0,0.0,1.0,0.0,
West Bengal,West Medinipur,,0.0,0.0,2.0,0.0,
