state,district,fairness_index,child_share_enrol,child_share_updates
100000,100000,0.0,0.125,0.0
Andhra Pradesh,Visakhapatanam,0.0,0.9427312775330396,0.0
Andhra Pradesh,Spsr Nellore,0.0,0.830357139085827,0.0
Madhya Pradesh,Ashoknagar,0.0,0.9693999793895882,0.0
West Bengal,Burdwan,0.0,0.6666666666666666,0.0
West Bengal,Coochbehar,0.0,0.816417459900213,0.0
The Dadra And Nagar Haveli And Daman And Diu,Dadra And Nagar Haveli,0.0,0.9569059829059829,0.0
Karnataka,Bengaluru Urban,0.0,0.7868124659391348,0.0
Uttar Pradesh,Kushi Nagar,0.0,0.9904519414385742,0.0
Uttar Pradesh,Siddharth Nagar,0.0,0.9656499171543782,0.0
Uttar Pradesh,Shravasti,0.0,0.957749903409318,0.0
West Bengal,24 Paraganas South,0.0,0.9531568228105907,0.0
West Bengal,24 Paraganas North,0.0,0.9072901856253026,0.0
West Bengal,East Midnapur,0.0,0.5,0.0
West Bengal,Dinajpur Uttar,0.0,0.8484089997051059,0.0
West Bengal,Dinajpur Dakshin,0.0,0.9649298597194389,0.0
Assam,Sivasagar,0.0,0.7921570744699996,0.0
Uttar Pradesh,Bagpat,0.0,0.5,0.0
Jammu & Kashmir,Rajauri,0.0,0.5,0.0
Jammu & Kashmir,Punch,0.0,0.5,0.0
Jammu & Kashmir,Udhampur,0.0,0.5,0.0
Bihar,Purbi Champaran,0.0,0.9290939101605383,0.0
Tamil Nadu,Tuticorin,0.0,0.5,0.0
Jharkhand,East Singhbum,0.0,0.962707182320442,0.0
Orissa,Sundergarh,0.0,0.5,0.0
Maharashtra,Ahmednagar,0.0,0.9214092140921409,0.0
Maharashtra,Hingoli *,0.0,0.5,0.0
Orissa,Nabarangapur,0.0,0.5833333333333333,0.0
Orissa,Nuapada,0.0,0.5,0.0
Gujarat,Dang,0.0,0.8113841268132519,0.0
Telangana,Ranga Reddy,0.0,0.9614035087719298,0.0
Telangana,Medchal Malkajgiri,0.0,0.9513694296302992,0.0
Jammu And Kashmir,Shopian,0.0,0.9491525423728814,0.0
Jharkhand,Bokaro *,0.0,0.5,0.0
Tamil Nadu,Namakkal   *,0.0,0.5,0.0
Tamil Nadu,Tiruvarur,0.0,0.5,0.0
Chhattisgarh,Gaurella Pendra Marwahi,0.0,0.9255298167604977,0.0
West Bengal,Medinipur West,0.0,0.9447883696394216,0.0
Delhi,North East   *,0.0,0.6666666666666666,0.0
Sikkim,Mangan,0.0,0.3333333333333333,0.0
Orissa,Baudh,0.0,0.5555555555555555,0.0
Odisha,Anugal,0.0,0.5833333333333333,0.0
Odisha,Nabarangpur,0.0,0.9706546275395034,0.0
Jammu & Kashmir,Kupwara,0.0,0.7388888888888889,0.0
Karnataka,Ramanagara,0.0,0.9365853658536586,0.0
Karnataka,Udupi *,0.0,0.6666666666666666,0.0
West Bengal,Hooghiy,0.0,0.5,0.0
West Bengal,West Medinipur,0.0,0.6666666666666666,0.0
Haryana,Jhajjar *,0.0,0.5,0.0
Haryana,Gurugram,0.0,0.8537551603331851,0.0
Haryana,Nuh,0.0,0.9714664897146649,0.0
Punjab,S.A.S Nagar,0.0,0.9322246483098873,0.0
Orissa,Kendrapara *,0.0,0.5,0.0
Jammu & Kashmir,Bandipur,0.0,0.5,0.0
Jammu & Kashmir,Doda,0.0,0.6666666666666666,0.0
Meghalaya,Kamrup,0.0,0.5833333333333334,0.0
Jammu & Kashmir,Kargil,0.0,0.5555555555555555,0.0
Maharashtra,Nandurbar *,0.008751892300364479,0.9629702194357367,0.008555614412944255
Pondicherry,Yanam,0.012453185248049,0.8635912698412698,0.011194029850746268
Bihar,Sheikpura,0.017893563645053255,0.8522727272727273,0.016192586028651604
Bihar,Monghyr,0.01944841019553816,0.9093020541549953,0.01765717260882814
Bihar,Pashchim Champaran,0.021510890372703453,0.9437165164638109,0.020587340533290536
West Bengal,Koch Bihar,0.022562817934636926,0.993575948636102,0.02258304309334356
Maharashtra,Raigarh(Mh),0.02741675348543552,0.9503888248847927,0.026354762975714423
Punjab,Nawanshahr,0.028009590799708394,0.9780361943164362,0.02765510067190828
West Bengal,Darjiling,0.02863597568470711,0.9862497437262107,0.028424953206547088
Uttar Pradesh,Jyotiba Phule Nagar,0.029973003596719276,0.9531181917211329,0.028863101276400578
West Bengal,North Dinajpur,0.03690793481271701,0.9877580905658854,0.03682078856065483
Bihar,Samstipur,0.03733617170132763,0.9403734827264238,0.03523956235292522
Bihar,Purba Champaran,0.039215867589894766,0.9671207674692635,0.03822656673314294
Andhra Pradesh,Mahabub Nagar,0.03971846246656542,0.9963102457708977,0.039969919059259375
West Bengal,South Dinajpur,0.04016511040231641,0.9895050125313283,0.04011676551814409
Madhya Pradesh,Mauganj,0.04077873081113828,0.9886973129710492,0.04072018190477899
Chhattisgarh,Janjgir - Champa,0.04097139179289589,0.8472222222222222,0.037679315066955515
Maharashtra,Gondia,0.04150859489541874,0.8705357142857143,0.037611048396365906
Gujarat,Panch Mahals,0.04299582408786661,0.9306541542102231,0.0407322903085615
Maharashtra,Gondiya *,0.043245132187276374,0.9314393939393939,0.04113696394088798
Gujarat,Surendranagar,0.043527179200593055,0.9604351259954782,0.042328565804456535
Tamil Nadu,Kanchipuram,0.044563279857397504,0.6629058441558442,0.022727272727272728
West Bengal,Haora,0.04611068351120057,0.9964314779380637,0.04637576964609724
West Bengal,Bardhaman,0.04742533966546933,0.9943479144055181,0.047608534922513046
Jharkhand,Garhwa *,0.04759758173522759,0.9890878663902214,0.047574026993350206
Assam,Sribhumi,0.04808736218050435,0.9276566399456908,0.044661789632862756
Maharashtra,Bid,0.048864201696610744,0.9925733306298999,0.049061146167907015
Punjab,S.A.S Nagar(Mohali),0.050177457822918436,0.9842755621337664,0.049930614048288496
Kerala,Kasargod,0.0515212876739912,0.9872484977129361,0.051377789127719654
Bihar,Bhabua,0.0532495523844696,0.8825306637806638,0.047003907946157185
Delhi,North East,0.05327127625492109,0.996743261207369,0.05362322092157519
West Bengal,North Twenty Four Parganas,0.054683364822928834,0.9962363883126185,0.05501707621130189
West Bengal,South Twenty Four Parganas,0.054925658254859074,0.9980103583371749,0.05535817472802716
Pondicherry,Karaikal,0.055032118883041575,0.9698083778966132,0.053972194756334246
Gujarat,Ahmadabad,0.05633904503872191,0.9816323132231127,0.0557282823920972
Madhya Pradesh,Maihar,0.05680186541752333,0.9412995776985997,0.0540391346350906
West Bengal,West Midnapore,0.05728238437185972,0.996205171904848,0.05762680844042081
Assam,Tamulpur District,0.05904844859165152,0.9299016955266955,0.05555632054319784
Delhi,Najafgarh,0.05920398275542378,0.8166666666666667,0.050682899672000556
Maharashtra,Mumbai( Sub Urban ),0.0603355768341791,0.9899709398397334,0.06031522743691991
Rajasthan,Jalore,0.06182487610106813,0.7404955872369315,0.03706194819943583
Chhattisgarh,Janjgir Champa,0.0621133857088478,0.8498917748917749,0.05247445187662579
West Bengal,Hugli,0.06457338597177396,0.9783667247386759,0.06386534585974274
Assam,Dima Hasao,0.0654639695600716,0.806568037356628,0.05054903843160422
Bihar,Aurangabad(Bh),0.06618767076057858,0.9633999153020892,0.0642622502053107
Orissa,Rayagada,0.06690398259138847,0.9696841931216931,0.0656002637811186
West Bengal,Maldah,0.06810083892982675,0.9973419838555806,0.06858898520624586
Karnataka,Davanagere,0.0692174517529881,0.9912096467542915,0.06929072864260774
Gujarat,Sabar Kantha,0.07032687895713248,0.9632104336985812,0.06894993700108659
Maharashtra,Washim *,0.07088661657801637,0.875189393939394,0.06489364621928331
Rajasthan,Balotra,0.07352941176470588,0.5,0.0375
Uttarakhand,Garhwal,0.07534128022149424,0.9025,0.06984878781889094
Jharkhand,Purbi Singhbhum,0.075739580372431,0.9953628215997754,0.07613347801760038
Westbengal,Hooghly,0.07594978863214714,0.625,0.046656496313246885
Chhattisgarh,Manendragarh–Chirmiri–Bharatpur,0.07715557751540245,0.9858602134700523,0.0768361584473469
Bihar,Purnea,0.08005656244899469,0.98243726132024,0.07933423851184532
Gujarat,Banas Kantha,0.08112319628081119,0.9401330619132809,0.07928915315843396
West Bengal,East Midnapore,0.08191850348697614,0.9953443706680646,0.08237698160223077
Chhattisgarh,Sarangarh-Bilaigarh,0.08288934052698287,0.9508994746223849,0.0800590685131608
Maharashtra,Buldana,0.08292530272469587,0.9958262982448375,0.08349937631560674
Punjab,Muktsar,0.08426411099273412,0.985562678062678,0.08380515935751352
Assam,Bajali,0.08677639633624071,0.8057692307692308,0.06845045386039267
Maharashtra,Ahilyanagar,0.08791266467223009,0.9285714285714286,0.08251231527093596
Rajasthan,Beawar,0.08990495761623427,0.5,0.04585152838427948
Jharkhand,Hazaribag,0.09168507615571872,0.9921760546834015,0.09187208703588233
Karnataka,Chikmagalur,0.09227361136525691,0.9744988163312939,0.09082433119733313
West Bengal,Purulia,0.09254421273168996,0.991841552753155,0.09265103215865307
Orissa,Koraput,0.09462364918840713,0.9598197516554514,0.09174377272123334
Jharkhand,Pashchimi Singhbhum,0.09477504024016373,0.9914638602138602,0.09488973115707143
Orissa,Sundargarh,0.09539028507176589,0.9699186960330548,0.09344288392353486
Uttarakhand,Hardwar,0.09691559210998679,0.9683194498729724,0.0943789542122707
Orissa,Gajapati,0.09706014885392805,0.6833333333333332,0.06804127771869707
Orissa,Sambalpur,0.09905194802994743,0.8498917748917749,0.08385308385308385
Jharkhand,Palamau,0.09933227611942767,0.9808470422067133,0.09819973897675965
Andhra Pradesh,Nalgonda,0.09947539528928358,0.9955586593669292,0.1000040281205766
Orissa,Kendujhar,0.10144278599910221,0.89375,0.09204468617209169
Chhattisgarh,Khairagarh Chhuikhadan Gandai,0.10255325722314673,0.9824835191892235,0.10173884823011879
Jammu & Kashmir,Jammu,0.10262213571614695,0.9259920634920634,0.09657193958664546
Orissa,Khordha,0.10390561280133415,0.9938837869139208,0.10429747791222986
Karnataka,Hasan,0.10510321019769137,0.9958925150529573,0.10572113991030997
Maharashtra,Dharashiv,0.1053932188246243,0.8010770721526536,0.08107721435403464
Uttar Pradesh,Barabanki,0.10775141622199476,0.9876356633059702,0.10717184333112768
Punjab,Firozpur,0.10856569667242635,0.9863189700592041,0.10806253193798901
Chhattisgarh,Sakti,0.10994107788916413,0.9872971649229688,0.10964981448413233
Uttar Pradesh,Bulandshahar,0.11053283732852358,0.9729809429394499,0.10861488007120468
Sikkim,South,0.11297613943935128,0.9476254138018844,0.10768405146676333
Madhya Pradesh,Narmadapuram,0.1149325156365952,0.9536597207993307,0.1108077682199831
Andaman & Nicobar Islands,South Andaman,0.11585020569753379,0.8975694444444444,0.10541221493059802
Odisha,Sundargarh,0.116784899768148,0.9924117009089191,0.11705295719082447
Orissa,Kandhamal,0.11690354347578769,0.8662464985994398,0.10156930655769235
Rajasthan,Deeg,0.1197045717079482,0.765625,0.08712094412387784
Gujarat,Dohad,0.11987190323763139,0.9276834887805521,0.11099651680772067
Sikkim,Namchi,0.12132103990848361,0.3458333333333333,0.028070047605168562
Dadra And Nagar Haveli And Daman And Diu,Daman,0.12220634341171727,0.7823863636363637,0.09198474050097394
Orissa,Cuttack,0.12228951496391369,0.9868174264007598,0.12191507208226803
Nagaland,Shamator,0.12274571354843772,0.8659477781502589,0.11182009094380228
Meghalaya,Jaintia Hills,0.12345679012345678,0.8,0.1
Odisha,Anugul,0.12545261719812395,0.9662565448120176,0.12226118517896435
Telangana,Hanumakonda,0.12719003402147788,0.9908950199459644,0.12714782382039813
Telangana,Warangal (Urban),0.12765462117991735,0.6555555555555556,0.07828674948240165
Manipur,Pherzawl,0.12872705852340402,0.6354166666666666,0.08636616068122918
Rajasthan,Dhaulpur,0.1318557801810607,0.9646176557073489,0.12907227201597296
Tamil Nadu,Viluppuram,0.13234655150866254,0.9990674924078196,0.13354386072047814
Haryana,Yamunanagar,0.13272886532561676,0.9350490196078431,0.12590773051234952
Orissa,Kalahandi,0.13361124472235583,0.7833333333333333,0.10822510822510822
Orissa,Balangir,0.13495782564295114,0.9892105263157895,0.13480270984213696
West  Bengal,Hooghly,0.13617814075487258,0.6965811965811967,0.08953929539295392
Rajasthan,Didwana-Kuchaman,0.13758312313689522,0.6666666666666666,0.09309791332263243
Jharkhand,Pakaur,0.137900496102212,0.9763219660618505,0.13560850887593962
Maharashtra,Chatrapati Sambhaji Nagar,0.13978253012189873,0.9107767209156886,0.1289686979586775
Himachal Pradesh,Lahul & Spiti,0.14035592586851178,0.8727678571428572,0.1194933279495573
Orissa,Jajapur,0.14110536908166096,0.962699656665174,0.13707391656566503
Maharashtra,Chhatrapati Sambhajinagar,0.14131978916129423,0.7683438914620552,0.10231345387133506
Odisha,Khordha,0.14147614028254923,0.9601267872444641,0.1344444272861895
Jharkhand,Kodarma,0.1426135594858745,0.9849837888371723,0.1417369420842488
Rajasthan,Chittaurgarh,0.14264140338140477,0.9833764215998766,0.14193073525149982
Orissa,Kendrapara,0.14542098851339239,0.918008161429214,0.13427147462884662
West Bangal,Hooghly,0.14593644763853778,0.5833333333333333,0.08221919091484309
Dadra And Nagar Haveli And Daman And Diu,Dadra And Nagar Haveli,0.1463348451539012,0.8604166666666666,0.1255620047908605
West Bengal,Uttar Dinajpur,0.14667677763902157,0.9774734660286638,0.1437870347559075
Karnataka,Chamrajnagar,0.14838382193127642,0.9893804811682718,0.1482920740614289
Maharashtra,Raigad,0.14850214240830323,0.96366530192633,0.14479597863558438
Sikkim,West,0.14987188300750964,0.9306692563388992,0.1401674471533769
Karnataka,Shimoga,0.15103952802381737,0.9981507409680708,0.1522659853457785
Karnataka,Haveri *,0.1517354536891247,0.9665625,0.1481141005115595
Tripura,Dhalai  *,0.1536289829401191,0.8358134920634921,0.1278896387012451
Delhi,South East Delhi,0.15497854598018787,0.8495772946859903,0.13184538820189975
Orissa,Malkangiri,0.1550331750106119,0.8948996655518395,0.13634215167548502
West Bengal,Medinipur,0.15518516240923863,0.8694444444444445,0.13580809434467972
Orissa,Ganjam,0.15520145365409455,0.9897407050514645,0.15510170787232141
Andaman & Nicobar Islands,Andamans,0.1559440060378881,0.9456845238095238,0.1491956657516501
Rajasthan,Jhunjhunu,0.1570685312339462,0.985086194052089,0.15665296257091527
Orissa,Puri,0.1573233081531203,0.9804743083003953,0.15579260946967186
Madhya Pradesh,West Nimar,0.157895282460304,0.9876725356245505,0.1574918330587267
West Bengal,South 24 Parganas,0.15827361750710423,0.9874558256190928,0.15740058883176594
Karnataka,Bengaluru South,0.1589314890986107,0.7896708683473389,0.09266624392872161
Andhra Pradesh,Mahbubnagar,0.1592987682852901,0.9930377349322246,0.15979010405254876
West Bengal,Puruliya,0.16015416346165434,0.9858552376762835,0.15881899083180395
Andhra Pradesh,Karim Nagar,0.1604816153830097,0.9486817168338908,0.15419879037721068
Madhya Pradesh,Pandhurna,0.1626930711025121,0.734502262443439,0.10357420759715635
Chandigarh,Rupnagar,0.16301818533055856,0.5833333333333333,0.09545454545454546
Jammu & Kashmir,Anantnag,0.16420361247947454,0.6666666666666666,0.1111111111111111
Andhra Pradesh,Adilabad,0.1657247457373079,0.9949923339374036,0.16648659514998793
Uttar Pradesh,Sant Ravidas Nagar Bhadohi,0.16631972083352498,0.9489420995670996,0.16039669702052878
Telangana,Jayashankar Bhupalpally,0.16633065184233253,0.9897756939446538,0.1660920604284299
Karnataka,Chamarajanagar,0.16719416279438448,0.9813917008561326,0.16565528176036054
Orissa,Debagarh,0.16873128561769535,0.625,0.09375
Karnataka,Bengaluru Rural,0.1702069716775599,0.6342986810759014,0.08680555555555555
West Bengal,Barddhaman,0.17064381971330186,0.9986869855547098,0.17211649584813374
Karnataka,Vijayanagara,0.17195649398864643,0.9717919378642597,0.168816260397243
West Bengal,Bankura,0.1722158619077208,0.9816566346152165,0.1698514109861689
Andhra Pradesh,K.V.Rangareddy,0.17226154294021864,0.934375,0.16217291753882213
Tamil Nadu,Thiruvallur,0.17307926453504024,0.9810796954495322,0.17127848565720294
Karnataka,Chickmagalur,0.17335418626227606,0.996691378756715,0.17450176624236152
West Bengal,Hawrah,0.17382447049966232,0.6666666666666667,0.11688311688311688
Jharkhand,Sahibganj,0.174066179796895,0.9836148267177172,0.1725195688495808
Bihar,Kishanganj,0.1741922499638058,0.9962265305876132,0.1752136608628621
Bihar,Supaul,0.1742058645389269,0.9847466272504481,0.17343091316181483
Odisha,Jagatsinghpur,0.1745189235948928,0.9940113342337424,0.1751897792814133
Bihar,Sheohar,0.17476403167563975,0.9955119424556449,0.17573060770310506
West Bengal,Murshidabad,0.17478300251590237,0.9959914958837847,0.1757497895567082
Orissa,Mayurbhanj,0.1753667725979541,0.85,0.14918421445639188
Chhattisgarh,Raigarh,0.17597076065598782,0.9923962439094092,0.17645314988118826
Dadra & Nagar Haveli,Dadra & Nagar Haveli,0.17616511555846215,0.8180555555555555,0.1504554107164621
Odisha,Baleshwar,0.17644613206881446,0.9944981375040653,0.1772151046985958
Pondicherry,Pondicherry,0.17659240584086952,0.9952635784156594,0.17749331177626917
Bihar,Madhepura,0.17802598615016074,0.9952886335971272,0.17899481037151244
Telangana,Warangal Rural,0.1785481363866036,0.9916278976718302,0.17877705392473256
Orissa,Bargarh,0.1791033393917041,0.9340811965811966,0.16954038311691752
West Bengal,Paschim Medinipur,0.1799858506729052,0.9872202051327265,0.178758656271168
Karnataka,Bagalkot *,0.18037683954503916,0.9834759844391567,0.1792487089865037
Telangana,Peddapalli,0.18043800687743622,0.9876797002958375,0.17993107306946965
Chhattisgarh,Mohla-Manpur-Ambagarh Chouki,0.1804516974847486,0.964950900227393,0.1757079499953761
Nagaland,Meluri,0.18081209257084593,0.737037037037037,0.13437682830771472
West Bengal,Dakshin Dinajpur,0.1817658722730245,0.9739368471512257,0.17678039419812505
Telangana,Suryapet,0.18177088126186072,0.9966226399202521,0.18292739342887598
Bihar,Buxar,0.18268829324257985,0.9900772561782502,0.18266951011481228
Madhya Pradesh,Agar Malwa,0.18311080708426414,0.9870844473761927,0.18270513366322405
Andhra Pradesh,Karimnagar,0.18515221202229434,0.9926279298099372,0.18557894741899225
Bihar,Rohtas,0.18582873649872333,0.9880004244156408,0.18541547251051765
West Bengal,Paschim Bardhaman,0.186226192480074,0.9122613998459302,0.1689720545052638
Madhya Pradesh,Harda *,0.18655764885522302,0.9919798686910949,0.18688656139757143
Orissa,Bhadrak,0.186654482726683,0.9863243115512669,0.18602492884034522
Orissa,Anugul,0.1866717207538313,0.9251893939393939,0.1744102444415041
Karnataka,Gadag *,0.1866878963686524,0.9646505208658225,0.18197507222091883
Orissa,Sonapur,0.18852906013634813,0.8333333333333334,0.1575439459725429
Andhra Pradesh,Warangal,0.18945409428369425,0.9955353262556652,0.19053388258330872
Orissa,Dhenkanal,0.19254587151141642,0.9668503421900161,0.18776958036506955
Chhattisgarh,Uttar Bastar Kanker,0.19284788978174833,0.9834135533899676,0.1920532865078492
Karnataka,Bangalore,0.19348672359478214,0.9987989276989965,0.19519168873337805
Kerala,Wayanad,0.19433459979316658,0.9854075956340753,0.19346317433965587
West Bengal,Malda,0.19588652254891337,0.9846032103095111,0.19424669264389896
Jammu & Kashmir,Srinagar,0.19607843137254902,0.5,0.09999999999999999
Karnataka,Chamarajanagar *,0.19654616301341593,0.8319444444444444,0.16178810389336706
Telangana,Mulugu,0.19740933535831895,0.9905890396283634,0.1971162645678424
Odisha,Subarnapur,0.19846839816143255,0.9873038056008219,0.19790404653860097
Maharashtra,Ahmed Nagar,0.20022006239965576,0.9868102697770289,0.19972890219651257
Sikkim,East,0.20062068132519914,0.9775264027437941,0.19851640082078878
Madhya Pradesh,Narsimhapur,0.20284428833800933,0.9960207739837422,0.20402978461648266
Jharkhand,Jamtara,0.20327004425089562,0.9948934710395265,0.20422169449646616
Jharkhand,Simdega,0.20524431809621665,0.9913626672025195,0.20544283228524496
Madhya Pradesh,East Nimar,0.20558238924450656,0.9904394520159926,0.2051695502845885
Andhra Pradesh,Hyderabad,0.20598099106884485,0.9989421363926927,0.20783368087556908
Telangana,Jangaon,0.20626688831838905,0.9449742523271935,0.19556916059073987
Dadra And Nagar Haveli And Daman And Diu,Diu,0.2062815830997465,0.7260101010101009,0.1628464818763326
Telangana,Vikarabad,0.20647485446447802,0.9974250573251131,0.20797677276643026
Telangana,Narayanpet,0.20689235496227984,0.9929748152068237,0.207439571853915
Jammu And Kashmir,Badgam,0.20692110041189718,0.9972873321284975,0.20842914387006062
Orissa,Jagatsinghapur,0.20813007756088453,0.8960227272727272,0.18784246931558143
Jammu & Kashmir,Baramula,0.20896955220907132,0.9175505050505051,0.19387340301974448
Orissa,Baleshwar,0.2090385642691382,0.9884326914659596,0.20865604216514838
Telangana,Nirmal,0.21007158238911877,0.9942174288970173,0.21090087565675392
Delhi,Shahdara,0.21080331621990264,0.9437193214138,0.19840039758550643
Telangana,Rangareddy,0.2112189206524684,0.9805592067417745,0.20932528496360686
Karnataka,Tumkur,0.21132641838044477,0.9986303319874107,0.21314829480376288
Bihar,Aurangabad,0.21181789660165015,0.9912634844989909,0.21195080588814877
Bihar,Khagaria,0.2121859427424785,0.9912082031526936,0.21254510379530056
Chhattisgarh,Surguja,0.21219797186633257,0.9956910794897833,0.2134024343422524
Manipur,Jiribam,0.21222495059472876,0.9596859281069807,0.20650330974020262
Odisha,Baudh,0.21319723845555674,0.9738062066932036,0.20944191206847076
Chhattisgarh,Korba,0.2155503363407462,0.9951291828782612,0.2167346768055545
Bihar,Bhojpur,0.21634611768606957,0.9904187051956015,0.21601842230092952
Uttar Pradesh,Kushinagar *,0.21648445296066737,0.5833333333333333,0.1345492554798599
Maharashtra,Gadchiroli,0.21704498349844747,0.9880857978199161,0.2171232440594134
Jharkhand,Ramgarh,0.21752791551846565,0.9954878745319424,0.2187521305559619
Andhra Pradesh,Medak,0.21840730010519765,0.9960913689063688,0.21975323157928964
Tamil Nadu,Tirupathur,0.2204585537918871,0.8,0.17857142857142858
Haryana,Charkhi Dadri,0.2209465402892749,0.9948627895572151,0.22204568975322242
Bihar,Nawada,0.22169552094483563,0.9824293053479568,0.21933165499815604
Karnataka,Mysore,0.22199494431149092,0.9980403650550151,0.22376667902370928
Andhra Pradesh,Eluru,0.22264745286153392,0.9699947234827379,0.21772549046094825
Andhra Pradesh,N. T. R,0.22272522258780206,0.9496636042904699,0.21389599753323524
West Bengal,Hooghly,0.22324513133623825,0.9678747479693511,0.2170234491947225
Orissa,Nayagarh,0.22349586979573793,0.9557375884471975,0.2163407124093776
Chhattisgarh,Gariyaband,0.22362153482315184,0.9934000262934157,0.224583683871182
Kerala,Palakkad,0.2240642044787181,0.9750394160642568,0.22113769654777043
Telangana,Yadadri.,0.22441706405756917,0.9964222047680531,0.22575849749040777
Jharkhand,Seraikela-Kharsawan,0.2249097496653351,0.9906250423071877,0.22498807715509633
Andhra Pradesh,Anakapalli,0.22494537100537626,0.9787321265185227,0.2223430887645683
Jharkhand,Dhanbad,0.2260497486726508,0.9892760154002096,0.22553783938548783
Karnataka,Gulbarga,0.22661693424129092,0.9982917782177176,0.22848579095421476
Bihar,Samastipur,0.22689850175107354,0.9917176248532596,0.22699459888942114
Rajasthan,Salumbar,0.22799817601459188,0.5,0.11627906976744186
Telangana,Komaram Bheem,0.22828232057780468,0.9956933515032489,0.22952427887395144
Maharashtra,Yavatmal,0.22837146002758046,0.9636519486054103,0.2232541704622296
Kerala,Alappuzha,0.22918147387152943,0.9598529807565328,0.22192173832485632
Karnataka,Kodagu,0.2296517604452023,0.9633368509596419,0.22358322390317142
Nagaland,Zunheboto,0.22965791314233303,0.9316553747376508,0.21688381059529852
Chhattisgarh,Kondagaon,0.23067326756376794,0.9957289816587381,0.2319947772608417
Goa,Bardez,0.2306805074971165,0.5,0.11764705882352941
Chhattisgarh,Bastar,0.2308304052678276,0.9982197519709011,0.23285003316694033
Bihar,Sheikhpura,0.23272219727522522,0.9914732574601666,0.2330752430297086
Chhattisgarh,Raipur,0.23282554220985338,0.931215976461377,0.22259366311104722
Orissa,Jharsuguda,0.23329168029043484,0.8455357142857143,0.20301659125188537
Kerala,Pathanamthitta,0.233871888545499,0.959973653539443,0.22699831527458714
Madhya Pradesh,Niwari,0.2339926593302845,0.9006265664160401,0.21024615827582208
Kerala,Kozhikode,0.23413479959919048,0.9707284410850651,0.22981970001577776
Kerala,Kottayam,0.23421975504446108,0.9840454696297463,0.23298900501075648
Jharkhand,Latehar,0.23468806000838902,0.9921377577150035,0.2350050721093567
Tripura,South Tripura,0.23536997047885472,0.9954210340950209,0.23656948765985802
Andhra Pradesh,Rangareddi,0.23607814337200664,0.997680419547292,0.23790033021635912
Telangana,Wanaparthy,0.236776356315964,0.9972807671971846,0.2384774583023367
Gujarat,Junagadh,0.2369797561611798,0.9788971237591799,0.23411812011431535
Uttar Pradesh,Raebareli,0.23729031842622106,0.5833333333333333,0.13333333333333333
West Bengal,Kolkata,0.23789931659396257,0.8664640693134533,0.197181630581903
Punjab,Gurdaspur,0.23826285696400948,0.9530803722939216,0.22713962977187832
Jharkhand,West Singhbhum,0.23888065470971295,0.9909242815781317,0.23872165025393324
Chhattisgarh,Mungeli,0.24016417627986372,0.998011472218853,0.24209063295601277
Telangana,Jangoan,0.24057640128262642,0.9951781498357248,0.24171689214506636
Jharkhand,Sahebganj,0.24067241698304306,0.9968491183032988,0.2422955677852296
Chhattisgarh,Janjgir-Champa,0.24091032920197808,0.9989297948967277,0.24306313878021574
Punjab,Malerkotla,0.2411239729775869,0.9841322619937103,0.239572952499022
Chhattisgarh,Koriya,0.24169833946868985,0.9970539204934475,0.24338312404086432
Chhattisgarh,Mahasamund,0.24188255076545828,0.9908412349266502,0.24176670910904605
Daman & Diu,Daman,0.24231750539966998,0.6666666666666666,0.16309110222239695
Maharashtra,Gondiya,0.24294318116638802,0.9964186513918456,0.24444711105722655
Karnataka,Bijapur,0.24385820167048666,0.997543066557287,0.24569525588531163
Maharashtra,Mumbai,0.2438723446466664,0.9873511958549331,0.2427193197016905
Punjab,Tarn Taran,0.24423595680657,0.9891038761024497,0.24381599424045147
Telangana,Mahabubabad,0.24483762975333298,0.9963273204684607,0.24640681456956587
West Bengal,Howrah,0.2451715494804243,0.9770130829649872,0.240347783377657
Telangana,Mancherial,0.24618444398585543,0.9954042731462086,0.2475384108204934
Jammu & Kashmir,Pulwama,0.24630541871921183,0.5555555555555555,0.16666666666666666
West Bengal,Cooch Behar,0.24642770975499198,0.9622755079888066,0.23656193242817114
Chhattisgarh,Gaurela-Pendra-Marwahi,0.2465011461333324,0.9299008834302952,0.22970828196518953
West Bengal,Purba Medinipur,0.24707875204855886,0.9940733616209639,0.2479070376665194
Punjab,Jalandhar,0.2473477204642166,0.9796745332701947,0.24453688407779056
Andhra Pradesh,Anantapur,0.2476249917992277,0.9990097067621659,0.24985973285639224
Andhra Pradesh,Nizamabad,0.24842434306107344,0.9899497509974454,0.24842925604748317
Chhattisgarh,Balrampur,0.24846212590358965,0.9917266470054085,0.2494271911683647
Jharkhand,Garhwa,0.24852905197375108,0.9964681501684082,0.25017248144613735
Tamil Nadu,Chengalpattu,0.24877239093823053,0.9377742942380932,0.23318245755948874
Maharashtra,Latur,0.2487934906919199,0.9712519284637235,0.24372634485347183
Bihar,Vaishali,0.2499349487595463,0.993303145083423,0.24975928712484757
Andhra Pradesh,Sri Sathya Sai,0.24994196058161053,0.9759605459212983,0.2472745950162676
Bihar,Darbhanga,0.2504149636734123,0.9915842929620122,0.24985925263299996
Andhra Pradesh,Y. S. R,0.2512084264379309,0.9541482224121433,0.24267506740920708
West Bangal,Howrah,0.2513525346342684,0.625,0.14646464646464646
West Bengal,Purba Bardhaman,0.25306603830110186,0.9139309857927461,0.22640238891997105
Maharashtra,Thane,0.25354160031176953,0.9391839468868556,0.24170582068651625
Maharashtra,Chandrapur,0.25392696615152,0.9728906838297149,0.24937095050806493
Bihar,Begusarai,0.2540713502422701,0.9929140812472929,0.2542900460271881
Andhra Pradesh,Parvathipuram Manyam,0.25443334624535663,0.9769192944516047,0.2514713146645973
Tamil Nadu,Nagapattinam,0.25492104582761843,0.9988877164704334,0.2571767459240618
Bihar,Araria,0.25496586313549385,0.9835610582969615,0.25120683309837427
Kerala,Kasaragod,0.25536632340447013,0.9813243046815501,0.2535164779831412
Nagaland,Phek,0.2554691138122122,0.9510909680114906,0.24551393456443385
Karnataka,Belgaum,0.25555762350615296,0.9990749639105394,0.25787718914740976
West Bengal,North 24 Parganas,0.2555858529636031,0.9235677746279972,0.23366998740703948
Chhattisgarh,Kawardha,0.25567091404583064,0.9976570169035427,0.25760011409867034
Delhi,North Delhi,0.2558260458921969,0.9810158490943698,0.25383654752704016
Mizoram,Mammit,0.2563652499853063,0.9482692307692308,0.2445796104021818
Nagaland,Kohima,0.25667233031389786,0.9243645134294125,0.24008728263841342
Karnataka,Bellary,0.258662587473196,0.9986698060369098,0.2609062903752506
Nagaland,Tuensang,0.2591784937737433,0.9505320878449289,0.2492671332387204
Bihar,Nalanda,0.2593244033699288,0.9886297563188994,0.25809628563617076
Jharkhand,Khunti,0.25952578039567475,0.9775920112753149,0.2551222859887195
Chhattisgarh,Balod,0.26365516873818184,0.9954279417746474,0.2651173816151259
Delhi,West Delhi,0.2639277081532875,0.9284701343498626,0.24834807957248964
Punjab,Moga,0.2641171563573297,0.9648031893721427,0.2568888537378037
Chhattisgarh,Baloda Bazar,0.26424765569423925,0.9901167735208967,0.2648984860117479
Andhra Pradesh,Palnadu,0.2644912267072299,0.9680501280201809,0.25930221322906766
Andhra Pradesh,Annamayya,0.26465073341170375,0.9012313551620916,0.24329340529407056
Chhattisgarh,Bemetara,0.2649717377001079,0.9946042334150165,0.26627340263192445
Delhi,East Delhi,0.2650210980729709,0.9789476115289516,0.2623160396938117
Bihar,Arwal,0.26622172116966686,0.9832065932593749,0.26218022281474135
Madhya Pradesh,Sidhi,0.26683574309480124,0.997002957906453,0.2687034258412039
Daman & Diu,Diu,0.26699058339070963,0.6934523809523809,0.16382823661294196
Maharashtra,Bhandara,0.2671364313315012,0.9938797798785303,0.2684509420533843
Chhattisgarh,Bilaspur,0.2674209793371055,0.997006407495826,0.26934229792000025
Kerala,Kannur,0.2678345616520628,0.9238460883309848,0.24218981301933332
Maharashtra,Akola,0.268099196422636,0.983979814885549,0.2658976674043731
West Bengal,Darjeeling,0.2687205098677711,0.8843164180516414,0.23369672109339934
Tamil Nadu,Coimbatore,0.269010042779349,0.9698363595639867,0.2595708075835834
Kerala,Malappuram,0.26914456675749415,0.9785628875616361,0.26470767655760125
Andhra Pradesh,Kakinada,0.26952397061077715,0.9695320700482359,0.2642848726367987
Maharashtra,Nagpur,0.26960952060366583,0.9633295984157367,0.2617703259935059
Karnataka,Chikkaballapur,0.26993197850866074,0.994258210112496,0.27103621536592604
Jharkhand,Palamu,0.269934984273708,0.992324726917037,0.2705423711231302
Telangana,Siddipet,0.2701399475317998,0.9970104579861822,0.27197903796330397
Haryana,Ambala,0.2715483485123834,0.9833177649511349,0.2697607485240314
Bihar,Lakhisarai,0.2718315725023841,0.986810353531483,0.270690227612767
Kerala,Idukki,0.27301506570057554,0.9807468419464352,0.27062958507919815
Maharashtra,Jalna,0.2734965615596878,0.9958729434902694,0.2752184586070259
Madhya Pradesh,Anuppur,0.2737894900316331,0.9947361115658753,0.27509354294941946
Bihar,Saharsa,0.2738475562820439,0.9808766219429531,0.2706783908512603
Uttar Pradesh,Mau,0.2738513277365542,0.9927628933088937,0.2746832182617268
West Bengal,Birbhum,0.27401771566744143,0.9721657531421425,0.2657182761698073
Telangana,Jogulamba Gadwal,0.2742824796537865,0.9963321906762295,0.2759867617012624
Andhra Pradesh,Tirupati,0.2744403298898618,0.8715199568518553,0.2429479487163324
Maharashtra,Aurangabad,0.2756318638584584,0.9686468153230842,0.2695056467893528
Telangana,Kamareddy,0.27566772011142016,0.9955510506128973,0.2770931604115115
Andhra Pradesh,Khammam,0.2768783201446038,0.9955101615858737,0.2784803043204079
Jharkhand,Bokaro,0.2770105281491675,0.9960467350836869,0.2786622681123571
Jharkhand,Ranchi,0.27718020353838135,0.9610171396438695,0.267393543211266
Punjab,Amritsar,0.27719135868413963,0.9227897236390523,0.253600360516346
Andhra Pradesh,Dr. B. R. Ambedkar Konaseema,0.2776789489083275,0.9707951045537389,0.27311348364243987
Tamil Nadu,Kallakurichi,0.277680764172477,0.959036147565743,0.26635002202069546
Maharashtra,Washim,0.277786145329229,0.9802260108060586,0.2750080843316605
Nagaland,Noklak,0.27793654912694105,0.8820301510857128,0.24804173618230183
West Bengal,Jhargram,0.278267606724889,0.913782967931555,0.25067476159411206
Nagaland,Longleng,0.2784292087348867,0.8958805026797565,0.2552754638682712
Jharkhand,Gumla,0.27887454858472543,0.9796073030380675,0.27546635679287573
Chhattisgarh,Kanker,0.27970707174194925,0.9961351879811683,0.28142325191410267
Kerala,Thrissur,0.2808581966095998,0.9104749610609139,0.24864777632895313
Gujarat,Surat,0.2808865663281277,0.9722534723198658,0.2755385085218721
Bihar,Katihar,0.2809801886295143,0.9866908361099975,0.27836951262195875
West Bengal,Jalpaiguri,0.2809836475491914,0.914728107948647,0.25052261368244966
Bihar,West Champaran,0.2812397261156323,0.9736958161442343,0.27665982480407014
Assam,South Salmara Mankachar,0.2812582675310581,0.9665217336370144,0.2663103840609077
Tripura,West Tripura,0.28203808395679186,0.9607660300021802,0.26995497941052565
Bihar,Jehanabad,0.2820770316921403,0.9596647808306934,0.2685534561966544
Maharashtra,Amravati,0.28253358581895127,0.9804223375783746,0.2805987625791894
Manipur,Ukhrul,0.28331821968968957,0.9715637175640489,0.2780894002989177
Maharashtra,Osmanabad,0.28344200728777286,0.9934443751914077,0.2838709642666365
Karnataka,Chitradurga,0.28377171289899494,0.9879490069950028,0.28319019246165394
Karnataka,Mandya,0.2841441895632543,0.9860344598415736,0.2827732310109702
Punjab,Sas Nagar (Mohali),0.28502943685191245,0.9738807953430282,0.27994460217220474
Haryana,Kurukshetra,0.2854870497695134,0.9730151684248962,0.27965734341927134
Gujarat,Narmada,0.28551983420347127,0.9674507639604369,0.27911575219187346
West Bengal,Nadia,0.2859724278422692,0.930817985525344,0.26518971594658064
Punjab,Rupnagar,0.28630714323664,0.9813836936399185,0.2832291672239836
Telangana,Medchal-Malkajgiri,0.2865501559932742,0.9536097348550063,0.2724201044638888
Karnataka,Ramanagar,0.287478158821834,0.9952126677989181,0.2889304197750645
Madhya Pradesh,Mandsaur,0.2875288253106481,0.9963481363013591,0.28935853641526044
Assam,Majuli,0.28775909007130235,0.9741934067216877,0.28184002178350387
Telangana,Rajanna Sircilla,0.2877777030439716,0.991165096435106,0.287948817345658
Maharashtra,Nanded,0.2878735445269947,0.9558306371567513,0.2782442813144948
Nagaland,Mokokchung,0.28821245789898947,0.8796834822645833,0.25322900885382665
Delhi,North West Delhi,0.28860877095623955,0.9556289028173526,0.2797152811254976
Bihar,Banka,0.2888438422429707,0.9864259952861745,0.2857754856717916
Telangana,Jagitial,0.2889530464760149,0.9902038768170947,0.28871450481719085
Delhi,South Delhi,0.2890521602210247,0.9522972047195024,0.27734492949763295
Sikkim,North,0.2894272059377428,0.8955266955266955,0.2615943578327943
Haryana,Faridabad,0.28949326933918307,0.9754041904289805,0.28579518355716016
Chandigarh,Chandigarh,0.28959235484619145,0.9722412362107411,0.28273186617243073
Punjab,Hoshiarpur,0.29014183207128,0.9353324924795965,0.2720770841825349
Madhya Pradesh,Seoni,0.2905609920779312,0.9971412549486782,0.2926093444154283
Manipur,Thoubal,0.290766564913497,0.9904174919844799,0.290753864895708
Jharkhand,Lohardaga,0.29129086233535184,0.9726746701621535,0.2845559968475177
Maharashtra,Nandurbar,0.29143810078714466,0.9726956284797711,0.28645781700961875
Kerala,Ernakulam,0.2923497948739395,0.931058818798578,0.2734217036519901
Haryana,Gurgaon,0.2927600611611571,0.9692353455741133,0.28690428170113025
Andhra Pradesh,Nandyal,0.29280379532430423,0.9891384150366771,0.29284963586991675
Chhattisgarh,Surajpur,0.29351693257762645,0.996248414970012,0.29531600970149186
Bihar,East Champaran,0.2936603023736892,0.9711051757002324,0.2866564041507654
Andhra Pradesh,Alluri Sitharama Raju,0.294013823163418,0.9694375874014439,0.2877926686632404
West Bengal,South 24 Pargana,0.29411764705882354,0.5,0.15
Chhattisgarh,Dhamtari,0.29457986783926055,0.9963885920671516,0.2964838468327556
Meghalaya,West Garo Hills,0.2950798038750179,0.7387836485623186,0.2188697325928115
Haryana,Panipat,0.2955316575885625,0.9912047688310106,0.2958148781374669
Jharkhand,Koderma,0.295582512630851,0.994003891167825,0.29684179499849545
Uttar Pradesh,Ghaziabad,0.29596701893769795,0.9711472362152674,0.2906731856036623
Maharashtra,Kolhapur,0.29612134915103006,0.988651605827686,0.2968037978826792
Haryana,Yamuna Nagar,0.2962486217665445,0.9967007290153787,0.2982406431010882
Bihar,Saran,0.29663542191197984,0.9850500091022225,0.2938445010105492
Nagaland,Chumukedima,0.296781944346298,0.7098930585640966,0.21207836063559724
Bihar,Gopalganj,0.29680054322640037,0.984337250362751,0.293751926277882
Jharkhand,Giridih,0.2971754055471959,0.9933163144276106,0.29785165311103545
Bihar,Munger,0.2974577346370036,0.9775335746253168,0.29240281518301153
Punjab,Faridkot,0.2975579594862602,0.980567140664121,0.2944973082464174
Uttar Pradesh,Gautam Buddha Nagar,0.2981360042630705,0.963191816346597,0.28979062779444337
Telangana,Nagarkurnool,0.2983192040122494,0.9941691074589813,0.2993744419885225
Bihar,Siwan,0.2996294836967906,0.9839433451256214,0.29638560700649325
Madhya Pradesh,Shahdol,0.299835259258786,0.9864865386645665,0.2989347022368959
Madhya Pradesh,Tikamgarh,0.30011759942728866,0.9952802444385376,0.3016996353892323
Punjab,Ludhiana,0.3018020115756964,0.9455777977093001,0.2880236618131447
Madhya Pradesh,Mandla,0.3018081301644733,0.9980408163822754,0.3042135929069491
Jharkhand,Deoghar,0.3021841913536567,0.9304986135859715,0.2873832864080484
Manipur,Kakching,0.30233058671314494,0.9541266025641025,0.2917641025494864
Gujarat,Vadodara,0.3023371451686044,0.9368516978022922,0.28523215521943
Karnataka,Uttara Kannada,0.302747188938132,0.9910101085595155,0.3030621233049593
Haryana,Sirsa,0.30310385818441643,0.9982880074848828,0.3056370452370032
Maharashtra,Jalgaon,0.3035363194664726,0.9735801272086064,0.2983477853146009
Madhya Pradesh,Shajapur,0.30355870224676235,0.996795223808388,0.3056179497625153
Kerala,Kollam,0.30364162747988155,0.9291734271294073,0.2771956442561693
Rajasthan,Pratapgarh,0.30379633297813163,0.9939669767602053,0.3052907793486852
Tamil Nadu,Ranipet,0.3042776024149499,0.9554907179907179,0.29313988777174593
Andhra Pradesh,Bapatla,0.30450157257611415,0.960122675786919,0.29510697737861596
Punjab,Patiala,0.30453060360417267,0.9785914687316306,0.3007152678311353
Gujarat,Ahmedabad,0.30502904003594267,0.9415613032623045,0.2885588975726967
Maharashtra,Raigarh,0.30535390626933395,0.9989418583069326,0.3081066140000931
Maharashtra,Wardha,0.30558952182383026,0.9945963184241315,0.307286404391425
Haryana,Sonipat,0.30564312091798074,0.9854173305263154,0.3047519516292306
Karnataka,Dakshina Kannada,0.30580028589724073,0.987092709119658,0.3047885130478805
Delhi,South West Delhi,0.3059873394977667,0.9504366964725084,0.2932869717316478
Assam,Nagaon,0.3060787014854688,0.874485207076919,0.26326121636183075
Uttar Pradesh,Ayodhya,0.3063003051573859,0.9639699676974783,0.29469180436002756
Haryana,Karnal,0.3068505636070234,0.9969407822235952,0.3090030858988024
Madhya Pradesh,Damoh,0.3069688756971132,0.9913882032065454,0.30750110411474485
Nagaland,Tseminyu,0.3071793955060692,0.615909090909091,0.19000734154498736
Karnataka,Kolar,0.3073434100510928,0.9919827862827653,0.3079954670698951
Maharashtra,Sindhudurg,0.30744091754029995,0.9795444871114892,0.30535333230340234
Maharashtra,Hingoli,0.30756691043581486,0.9485462212179204,0.29387222885323183
Karnataka,Haveri,0.3076413397293226,0.9854392375622492,0.30627939210904137
Madhya Pradesh,Umaria,0.30807817286729433,0.9927745915035391,0.30893134129383154
Madhya Pradesh,Rewa,0.3085238125600736,0.996508565798074,0.31057103773930683
Karnataka,Davangere,0.30909120425296643,0.9882102683433561,0.3087429879141652
Karnataka,Bangalore Rural,0.3096112774979213,0.9405644146899539,0.2919503772595814
Gujarat,Rajkot,0.30965950807081993,0.9417803681603896,0.2933709681487633
Haryana,Rohtak,0.3103781493621972,0.9766162493576516,0.3065654012078177
Karnataka,Koppal,0.3108659128359298,0.990008110553019,0.3108237984936329
Telangana,Warangal Urban,0.31199473498286434,0.983200700428777,0.30975538695278015
Karnataka,Dharwad,0.31202362731492106,0.9955688864869408,0.31375465083262966
Rajasthan,Banswara,0.31333740641390273,0.9950421004331431,0.31517366478266806
Tamil Nadu,Dindigul,0.3137369291812289,0.996687914345178,0.3157907657265042
Rajasthan,Jaipur,0.31404028057728167,0.9710887916250321,0.30881141550224056
Haryana,Jind,0.3144812691718897,0.9988958203228511,0.31728148203155826
Maharashtra,Buldhana,0.3148008798768602,0.9783438651956876,0.31042313803533483
Gujarat,Panchmahals,0.31481671916047393,0.9323807045350582,0.29250928964457296
Rajasthan,Kota,0.3150648957176134,0.9473939248021708,0.30048182662837064
Tamil Nadu,Tiruchirappalli,0.31601180863621053,0.9989283730404347,0.3188164055285812
Chhattisgarh,Narayanpur,0.31607363912545683,0.9826555486700276,0.3113778773074335
Nagaland,Dimapur,0.3165742296598467,0.9207803075467422,0.29435939589172927
Maharashtra,Nashik,0.31720836546889003,0.9410776398608055,0.2970000591188821
Telangana,Karimnagar,0.3174868880738973,0.9978555272091566,0.31993666171580537
Kerala,Thiruvananthapuram,0.31748762978595385,0.8767020315171328,0.2705155632869664
Chhattisgarh,Jashpur,0.3182602998778912,0.9977369716895579,0.3206848515899042
Delhi,Central Delhi,0.31831352352415243,0.9440448531100785,0.30365429777494923
Manipur,Chandel,0.3190156435880317,0.9872947497477462,0.31819776545402917
Karnataka,Udupi,0.31918590036498307,0.9852913875560085,0.3176014149059077
Uttar Pradesh,Bhadohi,0.3192264553915618,0.984414562046141,0.31764577934942667
Chhattisgarh,Rajnandgaon,0.31997416060464284,0.994955414235291,0.3215260250411207
Uttar Pradesh,Amethi,0.3202498482264349,0.9907905958325068,0.3204947962266633
Gujarat,Sabarkantha,0.32230037034082665,0.9227526181568613,0.2962681930978099
Jharkhand,East Singhbhum,0.3223051151519746,0.9687469505119125,0.31199665502828505
Haryana,Bhiwani,0.3233707795875789,0.9942744995654679,0.324822816849862
Haryana,Panchkula,0.3235638903876199,0.9933487730120271,0.3246799538630906
Mizoram,Hnahthial,0.32387955182072825,0.5,0.16517857142857142
Uttar Pradesh,Bijnor,0.3240390313873281,0.9933731003109658,0.3248194155682807
Uttar Pradesh,Allahabad,0.32405679440256013,0.9955422399544497,0.3258599116605638
Uttar Pradesh,Pratapgarh,0.3242695483140149,0.9930186738588943,0.32543915037609394
Bihar,Muzaffarpur,0.3246220205209448,0.9616530764866111,0.3150309747142198
Gujarat,Gandhinagar,0.32509000502656493,0.868124319058286,0.2829724318599828
Punjab,Bathinda,0.32628467151014673,0.9917378393363615,0.326517753574953
Tamil Nadu,Perambalur,0.32636903068987455,0.9979349773493864,0.3289461575832684
Karnataka,Gadag,0.32679563788306154,0.9960880625077734,0.328784643970253
Jharkhand,Hazaribagh,0.3279459538182845,0.9853873708505223,0.32338073938910616
Haryana,Fatehabad,0.32848102945910296,0.994560788297366,0.3299066257530632
Madhya Pradesh,Chhindwara,0.32877172881408195,0.9938691760456277,0.3301380653692667
Madhya Pradesh,Indore,0.3288805183027063,0.9704786630856562,0.3223500383391981
Karnataka,Hassan,0.3288811871891725,0.9911245126908981,0.32911310927239923
Madhya Pradesh,Rajgarh,0.3291096861244336,0.9936947750330729,0.33034074836300675
Haryana,Jhajjar,0.32934805453073374,0.9944587639096233,0.33079619656300485
Haryana,Palwal,0.3295393524124861,0.9982801262350749,0.3322750530324017
Maharashtra,Beed,0.3297926398151349,0.9699520258851726,0.323769726738175
Bihar,Patna,0.3304352428747721,0.9451681773566212,0.31313439323735315
Maharashtra,Dhule,0.3304417244230481,0.942537727523739,0.3136222930619837
Haryana,Rewari,0.3304466950167516,0.9960324599360065,0.33245914004266164
Haryana,Hisar,0.33046003387109135,0.9927409770361765,0.33163372083807563
Haryana,Kaithal,0.33075789055431615,0.9929345388436281,0.33223589767670786
Uttar Pradesh,Mahrajganj,0.33084474007538467,0.7663690476190477,0.25375882880033734
Tamil Nadu,Pudukkottai,0.3316171166499422,0.9810823420042112,0.32643512115591095
Uttar Pradesh,Rae Bareli,0.3322704009570076,0.9952579065076562,0.33404793328646765
Madhya Pradesh,Singrauli,0.33228909829581793,0.9960564113835535,0.33430845429088174
Punjab,Mansa,0.3323804878029142,0.9738174442026906,0.326188781499625
Uttar Pradesh,Ghazipur,0.33249560195815464,0.9930276873354041,0.3335311926427687
Maharashtra,Solapur,0.33323039292840734,0.9616817716876085,0.322976495964822
Uttar Pradesh,Ballia,0.3340591751614296,0.9958069922169838,0.3360742985179516
Haryana,Mahendragarh,0.3346422805584136,0.9906552979460435,0.3347995909097493
Bihar,Purnia,0.33509049372926264,0.9847441095493469,0.330912806590049
Maharashtra,Ratnagiri,0.3352422190524568,0.9861712893859538,0.3350522775888869
Chhattisgarh,Dakshin Bastar Dantewada,0.3352566865549616,0.9536343595099821,0.3225321418832845
Uttar Pradesh,Auraiya,0.3356423778549167,0.9927844834676153,0.3367864369301744
Gujarat,Mahesana,0.3364656956160922,0.9400588274430465,0.3184257944841779
Chhattisgarh,Mohalla-Manpur-Ambagarh Chowki,0.33653114467906925,0.6944444444444443,0.23930817610062893
Nagaland,Kiphire,0.3372514108368794,0.9335231040331637,0.3200500897016749
Rajasthan,Ganganagar,0.33733299632385916,0.9909321249653362,0.3379908979062747
Odisha,Kalahandi,0.33740016242776594,0.980217371583425,0.3339679397476376
Uttar Pradesh,Hamirpur,0.33773233403815645,0.9903488333780592,0.3377287134232142
Odisha,Jajapur,0.33774740464605413,0.997310229894566,0.3401598921280691
Odisha,Koraput,0.33787679195721954,0.9811099210330634,0.3345880760159316
Tripura,North Tripura,0.3379249832781672,0.9757362216762878,0.3308852599004719
Uttar Pradesh,Sonbhadra,0.3379406814907883,0.9963106877339754,0.3400977181795283
Tamil Nadu,Theni,0.33810955104977275,0.9982095822308068,0.3408545772553233
Uttar Pradesh,Kanpur Nagar,0.3394820594946549,0.9600540163935,0.32916458644809515
Jharkhand,Godda,0.3398838601525194,0.9806684029011477,0.330877461819082
Punjab,Sri Muktsar Sahib,0.34025871106374184,0.9894905653405949,0.33981688732418247
Maharashtra,Ahmadnagar,0.3407608058957579,0.9668214177850084,0.3328015056254229
Manipur,Senapati,0.341461551354364,0.9841420799347755,0.3397983352762528
Goa,South Goa,0.3414650630120535,0.9380847409431546,0.3246744646854822
Uttar Pradesh,Mahoba,0.3416697077492354,0.9942371157626757,0.3431207578718081
Telangana,Bhadradri Kothagudem,0.34241962604232656,0.9864321883616582,0.3406308360614956
Uttarakhand,Dehradun,0.3425607778367181,0.9627869140391697,0.3342931794516939
Rajasthan,Sikar,0.3428325153344625,0.9529122253242676,0.3324628146862466
Uttar Pradesh,Faizabad,0.3430969562093813,0.9987791769045371,0.34613250243082644
Maharashtra,Sangli,0.3434339399119632,0.9710805837636309,0.3365848786819274
Manipur,Imphal East,0.34364238160887367,0.9889379139881311,0.3432968330640781
Odisha,Sambalpur,0.3438149643878343,0.9978783771927979,0.3464978890237781
Bihar,Sitamarhi,0.34418796111435845,0.9294396400854679,0.31985882615330874
Uttar Pradesh,Sant Kabir Nagar,0.34461003990408867,0.9934480626865441,0.3458595845247301
Gujarat,Surendra Nagar,0.34537263533802687,0.9375675426636808,0.3242736146827141
Punjab,Fazilka,0.3455839203280846,0.9911632667804715,0.34573098759133397
Uttar Pradesh,Mirzapur,0.34636246849961216,0.9982211377833483,0.3492260369746499
Uttar Pradesh,Gorakhpur,0.34639085363083433,0.947341035155055,0.3315199481279941
Rajasthan,Pali,0.3464353680083756,0.97715748240501,0.3429946129720347
Jharkhand,Chatra,0.3465350889095465,0.9898455341408331,0.3455359629553603
Andhra Pradesh,Nellore,0.3467514718207656,0.9989318874571237,0.3498755072349964
Rajasthan,Hanumangarh,0.34689797311183684,0.9901502289187739,0.3471889432064027
Uttar Pradesh,Kushinagar,0.34746742954348014,0.9926587593978764,0.3473850913844875
Tamil Nadu,Thiruvarur,0.348002797064955,0.9983652278250854,0.35091483200421575
Karnataka,Bagalkot,0.3482847333962806,0.987912649313852,0.34757354406416796
Bihar,Madhubani,0.34869264012783807,0.9493743911456084,0.33240117213795634
Bihar,Bhagalpur,0.3487452568831752,0.9538224647730092,0.3343486797898632
Punjab,Sangrur,0.34875173141139715,0.9738368109718178,0.3420704572940023
Punjab,Ferozepur,0.34897897973668757,0.9924711142800527,0.34958488569203694
Rajasthan,Bikaner,0.349250662721973,0.980751739515652,0.34638322335735805
Nagaland,Wokha,0.3496711449271871,0.9276061506144948,0.327629010963154
Andhra Pradesh,Sri Potti Sriramulu Nellore,0.35020760554159613,0.8056316702311535,0.28333136275607096
Madhya Pradesh,Harda,0.3511052755358729,0.98851476474657,0.3505122201534541
Jharkhand,Pakur,0.3517645110794196,0.9927422974287955,0.35206628864161427
Rajasthan,Rajsamand,0.351941347102785,0.9919348110565763,0.35315662469794
Delhi,North East Delhi,0.3519422511447905,0.9944296875994935,0.3535263533079307
Odisha,Rayagada,0.35257980763156627,0.9967389302879647,0.35492333907292495
Rajasthan,Baran,0.3530052354549709,0.9805300757332079,0.34976633283674746
Maharashtra,Parbhani,0.3539417145116361,0.8852115418097618,0.2949962434926206
Odisha,Kendujhar,0.3540158899120364,0.9958106567614728,0.3559892741166839
Karnataka,Bengaluru,0.35430359538109113,0.8817451213251898,0.3149026773019107
Jharkhand,Dumka,0.35441414272621113,0.9382302274734416,0.3218078716811257
Bihar,Gaya,0.35458150951946255,0.9814272547128221,0.3503412969439931
Gujarat,Porbandar,0.3567155685762394,0.9254568683409187,0.3321757232082713
Tamil Nadu,Karur,0.35680006349162136,0.9979610569427863,0.35963879177757946
Bihar,Kaimur (Bhabua),0.3568375106159561,0.9845279298391711,0.3535167081801225
Chhattisgarh,Sukma,0.35720851144124766,0.9465464662736457,0.3407444935622381
Tamil Nadu,Erode,0.35739810187975773,0.9976983259564072,0.3601423183504906
Tripura,Sepahijala,0.3579847810198399,0.9796485149505394,0.35193231492881766
Punjab,Pathankot,0.3583189556468391,0.982021991313448,0.3549176534059145
Uttar Pradesh,Sant Ravidas Nagar,0.3583294671786263,0.9980188894814105,0.3612417923202815
Rajasthan,Jhunjhunun,0.35945752617429966,0.9874671514757427,0.358988037482928
Madhya Pradesh,Dindori,0.3596631662101801,0.9978566074414648,0.36249442689316663
Uttar Pradesh,Firozabad,0.36093861002177946,0.9752747853986937,0.3560953617250603
Madhya Pradesh,Bhopal,0.361120725407645,0.9799431356969363,0.3568102069377267
Telangana,Sangareddy,0.36116331157516796,0.9929431859066558,0.3621097382946385
Madhya Pradesh,Sehore,0.36117555928033696,0.9901624110937146,0.3612014721835785
Madhya Pradesh,Neemuch,0.36127575921904476,0.9964350858320018,0.3635579041704037
Rajasthan,Jhalawar,0.36142023624605224,0.9795195699071748,0.3574442745158617
Uttarakhand,Bageshwar,0.3621886544227472,0.9907524995887751,0.3624365617740903
Telangana,K.V. Rangareddy,0.36334636047277596,0.9658534104777035,0.3528883067475316
Andhra Pradesh,Guntur,0.3635986417727889,0.99622340086392,0.36591194976700714
Chhattisgarh,Durg,0.3637350361818767,0.9849345316581587,0.36304460823018864
Nagaland,Mon,0.3643223517488927,0.9145787869484489,0.3317396948204881
Tamil Nadu,Tiruppur,0.36455258880148933,0.9984171182759558,0.3675884324964021
Chhattisgarh,Dantewada,0.3646388728985847,0.9895840477615543,0.36447439916743
Uttar Pradesh,Prayagraj,0.3646881107537352,0.9010912069859707,0.3225638955062318
Uttar Pradesh,Lucknow,0.3647659847950117,0.9586362235071368,0.3520306224934041
Andhra Pradesh,Krishna,0.36490626721745356,0.9945168405284753,0.3664383618071597
Jammu And Kashmir,Udhampur,0.36497356112142737,0.993577261727707,0.3661459104116527
Manipur,Tamenglong,0.36501524659846424,0.9686929481865694,0.3573201232464857
Assam,Hojai,0.36501568401597706,0.9531212233526063,0.3470636961181628
Maharashtra,Pune,0.36551632259964717,0.9202155806654249,0.3346661938742699
Madhya Pradesh,Hoshangabad,0.36632851038784653,0.9901244613660394,0.36553771490313636
Haryana,Mewat,0.36647548148279835,0.9966621117246305,0.3689930317454769
Orissa,Subarnapur,0.36656041727035643,0.6388888888888888,0.19901960784313724
Andhra Pradesh,Cuddapah,0.3667847238617789,0.9989550335894395,0.37005783459272207
Andhra Pradesh,Prakasam,0.3668779165817354,0.9645390159751572,0.35237964987586257
Andhra Pradesh,West Godavari,0.3668816579505248,0.995050783870906,0.3686414828025145
Uttar Pradesh,Chitrakoot,0.3674073989003514,0.9967320710284171,0.3698678563588158
Karnataka,Chikkamagaluru,0.3675568346906396,0.9656821311603326,0.35873334263972056
Andhra Pradesh,Vizianagaram,0.3679106199091218,0.9982840282939871,0.37098457169393306
Gujarat,Banaskantha,0.36805124332642825,0.9072138201406789,0.3318098837505775
Gujarat,Bharuch,0.3680576801590704,0.9603082522911829,0.35453683680353226
Punjab,Barnala,0.36852469479858735,0.9875697025330766,0.36716424604604214
Tamil Nadu,Salem,0.3688349396333629,0.9593385014784339,0.3548739911210218
Madhya Pradesh,Dewas,0.36884455802200594,0.986758786533864,0.3672416157197453
Uttar Pradesh,Saharanpur,0.3689453029744048,0.9893612144907492,0.3687703721591854
Goa,North Goa,0.3699022738418018,0.8897206328994578,0.33055219344687187
Karnataka,Yadgir,0.37015806307673865,0.9817332172206177,0.3667376829293452
Gujarat,Kheda,0.3702541715082793,0.8921334817613837,0.32372863715891703
Delhi,New Delhi,0.37027989174881704,0.8992121241553285,0.3350090542441484
Odisha,Sundergarh,0.37091962312313015,0.993918665374436,0.3723263916086991
Jammu And Kashmir,Srinagar,0.37115019289293544,0.9557554657771203,0.356078342258158
Tamil Nadu,Tiruvannamalai,0.37152816666084965,0.9946682255438624,0.37315153449575245
Tamil Nadu,Namakkal,0.3724612739716889,0.9971798825629076,0.3750987792203291
Meghalaya,East Garo Hills,0.37297560805959107,0.6914299484350246,0.2561356571285173
Tripura,Dhalai,0.3732120415224732,0.9606523885515438,0.35542595138951893
Gujarat,Bhavnagar,0.3739006855154135,0.9508440186435388,0.3593350181955011
Tamil Nadu,Chennai,0.37419867577454174,0.9687714664645762,0.36679300820729044
Tamil Nadu,Sivaganga,0.37421968286169316,0.9738956719172005,0.3678383598143721
Andhra Pradesh,Srikakulam,0.3742310454779534,0.9972141366507253,0.3770405898858495
Uttarakhand,Almora,0.37424695971028776,0.9915669705107542,0.37491134111233754
Tamil Nadu,Kanniyakumari,0.37434946230169336,0.9976250775279404,0.3771925264969614
Uttarakhand,Champawat,0.37468335973922495,0.9928697433730247,0.3755269770282046
Karnataka,Raichur,0.3752647047262426,0.9861293055182709,0.3731949661794541
Himachal Pradesh,Sirmaur,0.3754362947678676,0.9926761670563398,0.3763614484883194
Tamil Nadu,Ramanathapuram,0.3758220043281638,0.9636323596947098,0.3632919576957
Maharashtra,Mumbai City,0.37599594765402167,0.9481823179107701,0.3600942085304779
Karnataka,Bidar,0.37709280501505604,0.9774933157523445,0.37137559125754105
Odisha,Jharsuguda,0.3774581988044928,0.9962123712761376,0.379759463802333
Gujarat,Jamnagar,0.3775853371099199,0.9425056654709604,0.35536879690614354
Maharashtra,Mumbai Suburban,0.37761711908672213,0.9447318939512205,0.35925747262970137
Gujarat,Amreli,0.378284014253931,0.9191154159818447,0.3466609578449597
Uttarakhand,Tehri Garhwal,0.37845905099283766,0.9930834956117549,0.3796114828654222
Odisha,Mayurbhanj,0.3787711205464937,0.9944928582700161,0.3802107384200068
Tamil Nadu,Thanjavur,0.3788084675973769,0.956425633301583,0.36360052808376286
Punjab,Fatehgarh Sahib,0.3789853616977753,0.982698842848191,0.3757653907750724
Sikkim,East Sikkim,0.3793802016554365,0.9169155886902998,0.35226100623568346
Madhya Pradesh,Datia,0.3793814008708063,0.9872508795627125,0.3763717364701185
Ladakh,Leh,0.37988728803346056,0.883357089272318,0.33573169222549565
Uttarakhand,Nainital,0.3800257639738807,0.9549213103939098,0.36859490620800894
Uttar Pradesh,Moradabad,0.380574836495743,0.9890067420491101,0.3801334501398737
Himachal Pradesh,Lahaul And Spiti,0.3808074954119579,0.5833333333333333,0.225
Karnataka,Tumakuru,0.3808752891791389,0.9829506805975413,0.378229952349458
Andhra Pradesh,Visakhapatnam,0.3811267318518947,0.9960029268983361,0.38340971767549203
Madhya Pradesh,Jabalpur,0.38142466937505765,0.977221474642996,0.3745305709603371
Lakshadweep,Lakshadweep,0.38165009629434876,0.975093482905983,0.37589415800430076
Karnataka,Chamrajanagar,0.38206643220064235,0.9888931309464642,0.3817291342058902
Telangana,Nalgonda,0.3822928448985406,0.996062098770972,0.384432310321671
Dadra And Nagar Haveli,Dadra And Nagar Haveli,0.38231033069067155,0.9865900539093311,0.3814747421897886
Madhya Pradesh,Dhar,0.3823937039711686,0.9486686248430216,0.36295311844870337
Jammu And Kashmir,Baramula,0.3828271308738642,0.9734282278269255,0.3764886618653982
Madhya Pradesh,Raisen,0.3830432517428617,0.9760565447314887,0.37663690465806743
Uttar Pradesh,Rampur,0.3833741748186572,0.9857652356544077,0.3819262549108036
Telangana,Medak,0.3834187435527549,0.9984973244856125,0.3866555888466252
Odisha,Ganjam,0.3839211894869621,0.9982641412994455,0.3870805535733045
Rajasthan,Chittorgarh,0.38484277653456894,0.9782020427694086,0.38031647219905673
Tamil Nadu,Vellore,0.3849098101248115,0.982231550468919,0.38063700980713827
Madhya Pradesh,Guna,0.3855752399569745,0.9887177744655403,0.3836182118712566
Rajasthan,Tonk,0.38582164716393663,0.9866071437358963,0.3850062485695158
Puducherry,Pondicherry,0.3859998105522402,0.5,0.1968599033816425
Gujarat,Valsad,0.38633638115136554,0.9621477467340183,0.3740051633686638
Jammu And Kashmir,Kupwara,0.38653603105608664,0.986148851524493,0.3845117504409553
Telangana,Hyderabad,0.38691690553364616,0.9675866050006572,0.3785818923085696
Uttar Pradesh,Ambedkar Nagar,0.3871244298279385,0.988307559412041,0.38535681397828303
Telangana,Nizamabad,0.38839193718864967,0.9972244777015664,0.3910576292322451
Chhattisgarh,Bijapur,0.3886259206132236,0.7734875847562946,0.30223208284619174
Tamil Nadu,The Nilgiris,0.38886823435608003,0.9950143357918999,0.39075528382890007
Rajasthan,Jalor,0.388975261386218,0.9797295961358621,0.38563569420751354
Odisha,Nabarangapur,0.38920473901698405,0.9770371786549404,0.38344323257996155
Assam,Dhubri,0.39027592075783263,0.9462252521873049,0.36862597744391745
Arunachal Pradesh,Lower Subansiri,0.39030838884871644,0.9541208562385474,0.37556153355911587
Andhra Pradesh,Mahabubnagar,0.39039074660582784,0.6666666666666666,0.24223073648361004
Rajasthan,Bharatpur,0.3914915779738268,0.9850076129215183,0.3899313081222983
Madhya Pradesh,Ashok Nagar,0.39153122388429096,0.9483422627364425,0.3722024447780148
Tamil Nadu,Madurai,0.39168727623330835,0.957061824111265,0.37844580044163445
Rajasthan,Dungarpur,0.3919111797012882,0.977212970872559,0.3862646051821444
Maharashtra,Satara,0.3922076957343248,0.96069220866216,0.3799808381126958
Madhya Pradesh,Sheopur,0.39350742099470143,0.9770574814245675,0.38664179146974703
Punjab,Shaheed Bhagat Singh Nagar,0.3945890252306186,0.9481763040718265,0.37767229603221286
Tamil Nadu,Virudhunagar,0.3945944385322219,0.9967793706567063,0.3973241614207392
Rajasthan,Sirohi,0.3947059594476576,0.9567469561093292,0.3830494489912658
Karnataka,Shivamogga,0.39665545925001705,0.9761411704220058,0.3911444168541413
Assam,Biswanath,0.39716558349898173,0.9402727686542072,0.36696236365571533
Tamil Nadu,Tiruvallur,0.3976616511476175,0.9942502204951342,0.39924471532988415
Arunachal Pradesh,Lohit,0.3978229147023621,0.9671768707482993,0.3878365535884333
Gujarat,Patan,0.397884838016576,0.916611624359725,0.3673244479344343
Rajasthan,Bundi,0.39836630201426254,0.9611782920419077,0.3854912743131009
Mizoram,Champhai,0.39840433860971436,0.9098671528459684,0.3718567668827709
Jammu And Kashmir,Anantnag,0.39863869086772075,0.9888459684814401,0.39800427850555686
Rajasthan,Jodhpur,0.39881557966541925,0.9620329629347285,0.3884832668244751
Odisha,Angul,0.3989480318426125,0.9919025125771175,0.3992715387281056
Telangana,Adilabad,0.39911874701663475,0.9971102256505495,0.4018795902457651
Rajasthan,Churu,0.399668518052881,0.9833741759040455,0.39740616084491515
Rajasthan,Ajmer,0.3998620643748015,0.9852631192543053,0.3983176826800032
Odisha,Puri,0.40057649941480084,0.997418377804292,0.40349916704873323
Nagaland,Niuland,0.40072055792808975,0.6997549019607843,0.27720413728717785
Odisha,Kandhamal,0.400837380845479,0.9946459099201195,0.4025507946602105
Odisha,Debagarh,0.40086065340344174,0.9883477748550022,0.40005508501156556
Uttarakhand,Pithoragarh,0.4008619672474965,0.9888898624381972,0.4005151832459409
Uttar Pradesh,Shamli,0.4014475057717405,0.9895083611158096,0.40076668975435414
Uttar Pradesh,Deoria,0.4017460164526329,0.9836454571185299,0.39823290068311623
Gujarat,Tapi,0.40182818452653823,0.9065807182488037,0.36565644220629173
Madhya Pradesh,Katni,0.40249484133680047,0.9687892250524952,0.39584716731752423
Uttar Pradesh,Lalitpur,0.40291294150831314,0.9763552431394242,0.3959254874488887
Uttarakhand,Chamoli,0.4029662385403021,0.9896363806940784,0.4025564832888229
Uttar Pradesh,Azamgarh,0.4038211436226686,0.9798988627437526,0.3984916515749696
Bihar,Jamui,0.40418039424789826,0.9818669275706424,0.40001607813986134
Odisha,Cuttack,0.40428502940905664,0.99586451015516,0.4066021119377742
Tamil Nadu,Kancheepuram,0.4046631471770431,0.9820246810928814,0.4013233625216908
Tamil Nadu,Cuddalore,0.4066022987902159,0.9792492129970121,0.3993593395620859
Uttar Pradesh,Jaunpur,0.4067941215620798,0.9631470572288329,0.3969191253191357
Madhya Pradesh,Satna,0.4069505038223606,0.9817392027815411,0.40247993609393234
Gujarat,The Dangs,0.40714079339402914,0.9274334801090617,0.373906394134701
Himachal Pradesh,Chamba,0.4078170767105132,0.9933711050060601,0.40912817320075723
Odisha,Bargarh,0.40859731356937745,0.9983623952657255,0.41198725560835464
Rajasthan,Sawai Madhopur,0.4086563002094986,0.9854783868827474,0.40746479790752527
Madhya Pradesh,Shivpuri,0.408696810796267,0.9188798185013566,0.38039159069845113
Andhra Pradesh,Chittoor,0.4088764023693291,0.994079423499476,0.4106670849957458
Karnataka,Bijapur(Kar),0.4093016516951608,0.5833333333333333,0.2361111111111111
Madhya Pradesh,Gwalior,0.4094176551104477,0.938867043800205,0.3883099804890909
Rajasthan,Udaipur,0.40948663064467317,0.9681172571825152,0.40069341324105184
Jammu And Kashmir,Kishtwar,0.40956154260812905,0.9924503753074865,0.4105645182642823
Uttar Pradesh,Mathura,0.4096263029423965,0.9380180220824146,0.3885036290484835
Jammu And Kashmir,Bandipore,0.41011390566632566,0.9722546486649551,0.40355935635183615
Maharashtra,Palghar,0.4106493058967127,0.9754001851573437,0.4039824687446044
Uttar Pradesh,Meerut,0.4110679612713296,0.9849537140827158,0.4079342221363024
Puducherry,Puducherry,0.4114642170527704,0.9718604155174771,0.40421454300428605
Uttar Pradesh,Maharajganj,0.4114687894982133,0.9539986099993717,0.3988715242844172
Uttar Pradesh,Jhansi,0.41156915912262504,0.9753745096632324,0.4021610560656721
Chhattisgarh,Kabeerdham,0.412538233473279,0.9927241108098095,0.41345921555126536
Odisha,Balangir,0.4126225405820442,0.9853082644662023,0.410089433185569
Odisha,Kendrapara,0.4132291514110341,0.9836485692470358,0.4098035674197251
Gujarat,Kachchh,0.4133172918980263,0.9221705045616603,0.38235197622772626
Andhra Pradesh,East Godavari,0.4142070589604584,0.9982437078681199,0.4175996710465697
Uttar Pradesh,Jalaun,0.41480838891647126,0.9676726887434768,0.40284520594633527
Madhya Pradesh,Khargone,0.4148940141425359,0.9651769408077202,0.4030874415205489
Jammu And Kashmir,Jammu,0.41490482498102715,0.9678938649986547,0.40602074936981314
Uttar Pradesh,Basti,0.4156773884456043,0.9859745230140762,0.41232946479591825
Manipur,Bishnupur,0.4162534668712229,0.954684254161112,0.39115625948861094
Madhya Pradesh,Balaghat,0.41626031276749026,0.9905703827181794,0.41649350882509373
Madhya Pradesh,Barwani,0.41628777841756937,0.9737868917166566,0.4097180804000039
Gujarat,Anand,0.4162910606468395,0.888401896905594,0.3668202576587336
Odisha,Dhenkanal,0.4165244266875051,0.9953106953566254,0.4186784116080702
Madhya Pradesh,Betul,0.4165492120895085,0.97651395180521,0.41034728651801705
Himachal Pradesh,Hamirpur,0.41656490845635025,0.9954764425848679,0.4189367719177729
Uttar Pradesh,Farrukhabad,0.4175923721734446,0.976284077369973,0.40877736225284356
Odisha,Nuapada,0.41846446401114457,0.996019475573931,0.42097553681310496
Uttar Pradesh,Kannauj,0.4187022034543575,0.9839898696841137,0.4153150280911446
Uttar Pradesh,Shrawasti,0.4191716500071272,0.9699785646442063,0.41040175599499534
Odisha,Malkangiri,0.4194714558738766,0.9956883210821018,0.4217682048675441
Uttarakhand,Rudraprayag,0.41991144392871504,0.9956855166778168,0.42228221912130465
Punjab,Kapurthala,0.42012591809370003,0.680123804255057,0.27688074580843414
Uttar Pradesh,Baghpat,0.42075535023909094,0.9705953099319178,0.41097391268750194
Rajasthan,Alwar,0.42136315392099294,0.9832164409598299,0.418908311075021
Uttar Pradesh,Kasganj,0.4221051653248996,0.9709143157239772,0.4147009221591992
Arunachal Pradesh,Shi-Yomi,0.42217828515275824,0.7755681818181819,0.3319618741765481
Andhra Pradesh,Kurnool,0.4222114168126503,0.9976080371391502,0.42548652172450213
West Bengal,Alipurduar,0.42226380080303466,0.8526366669718446,0.3480023764519753
Himachal Pradesh,Mandi,0.42249844552190774,0.9943402231687901,0.42415778716451746
Telangana,Mahabubnagar,0.4228903844999299,0.9978082278505025,0.4261250572396806
Rajasthan,Nagaur,0.42355988586841037,0.9843489287795502,0.42201745813951613
Rajasthan,Dausa,0.42468576954253207,0.9916605718788694,0.4257812259485291
Madhya Pradesh,Ujjain,0.425083419302392,0.9937208842957725,0.4265820677230435
Mizoram,Serchhip,0.4256356523464807,0.9022420475808607,0.3870512427763154
Madhya Pradesh,Panna,0.42574349573680176,0.961883463163938,0.4080516178970515
Uttar Pradesh,Etawah,0.4257761639562347,0.9804634643367905,0.42143738385147395
Tamil Nadu,Tirunelveli,0.426206721127084,0.9993659236261896,0.4301864289038697
Himachal Pradesh,Bilaspur,0.42625351484433477,0.9959203354423656,0.4287891199703163
Uttar Pradesh,Siddharthnagar,0.42631531899294356,0.9717198487975708,0.4178921313738992
Himachal Pradesh,Una,0.42651838745928733,0.9966890826517365,0.42937326386081076
Uttar Pradesh,Muzaffarnagar,0.4268079526408253,0.9864125003912104,0.42422045680008885
Manipur,Churachandpur,0.42721286351222726,0.966859792724096,0.4180672591529048
Uttar Pradesh,Hapur,0.4272552381856025,0.9935411388899674,0.42884203807813126
Arunachal Pradesh,Papum Pare,0.42734485486277113,0.978693115268017,0.42337449762130697
Tamil Nadu,Mayiladuthurai,0.42740518833892266,0.9890836924975798,0.4267227398911437
Puducherry,Karaikal,0.4276817033848919,0.953316395063571,0.4141443476973946
Madhya Pradesh,Vidisha,0.42777577207598677,0.9743330829415127,0.41961734617512914
Rajasthan,Bhilwara,0.4286806801300447,0.9781296612218054,0.42334006682384645
Tamil Nadu,Tirupattur,0.4287061396213882,0.9943407284100193,0.43029864427543574
Jammu And Kashmir,Doda,0.4288571620960256,0.9895373340725155,0.4280879650391154
Himachal Pradesh,Shimla,0.431604750251268,0.9849162907279628,0.4285003927697318
Assam,Marigaon,0.4318676118954224,0.8884254096982538,0.3822192274914793
Jammu And Kashmir,Kathua,0.43187484382875935,0.9951007057093819,0.43385102450818525
Rajasthan,Dholpur,0.43204301256144206,0.9806881878698306,0.42855542745304326
Uttar Pradesh,Sambhal,0.43311946572054916,0.9850088043742957,0.4304397845104851
Himachal Pradesh,Kangra,0.43336962335970614,0.9933314823856513,0.4347852552273102
Odisha,Nayagarh,0.43361724247711414,0.9926341191356367,0.4346072338117287
Jammu And Kashmir,Ganderbal,0.43442164219753127,0.9823106527614301,0.4300766038627669
Jammu And Kashmir,Reasi,0.43456701090442595,0.992149787094067,0.4354777194868543
Uttar Pradesh,Bulandshahr,0.43463430869477704,0.9625774024808716,0.4229607461304312
Mizoram,Lunglei,0.434826227707873,0.8950753054845126,0.39083588310814826
Uttar Pradesh,Varanasi,0.43505056273666637,0.9800444806338127,0.4285862321845011
Sikkim,South Sikkim,0.4355515697127867,0.914996132606623,0.3881363062694912
Madhya Pradesh,Burhanpur,0.43589501104745565,0.9602587954992812,0.4213558677975233
Odisha,Jajpur,0.43593919398503683,0.9773495786650599,0.430362483969305
Tamil Nadu,Thoothukkudi,0.43849619025896247,0.998710306229779,0.4422684471958495
Uttarakhand,Haridwar,0.43854666035132017,0.9159613654538328,0.41064581025189173
Madhya Pradesh,Ratlam,0.43857259861507075,0.989624428143168,0.4371502647070346
Karnataka,Mysuru,0.4386029161062683,0.9430020839983606,0.4152688722293331
Uttar Pradesh,Bareilly,0.4387126124397885,0.9767691207689946,0.43306763831842265
Telangana,Khammam,0.43908129401023077,0.9962586198647424,0.4417860983006314
Uttar Pradesh,Pilibhit,0.43961861012059705,0.9821334504359879,0.4364791039900068
Manipur,Imphal West,0.44024452264778285,0.9439927141813997,0.4061171997814747
Gujarat,Navsari,0.44038299412154214,0.9314177566267169,0.40781950798826555
Uttarakhand,Udham Singh Nagar,0.44174903293936707,0.9960171153958539,0.444182731403365
Nagaland,Peren,0.44345648854628805,0.8522757761737707,0.36269987672236653
Karnataka,Belagavi,0.4441902524684749,0.983910493743991,0.4416850334674084
Uttar Pradesh,Unnao,0.4447997652146774,0.96439287384842,0.4347799741494544
Odisha,Bhadrak,0.44490157001349306,0.9948198607238585,0.4470684154742862
Himachal Pradesh,Kullu,0.4449068313335829,0.8888969326885215,0.39569573309120226
Odisha,Boudh,0.4452813109998715,0.9944214183419188,0.44722851363136656
Sikkim,West Sikkim,0.4455633367002671,0.8739306269207296,0.39379456868524865
Andaman And Nicobar Islands,Nicobar,0.44665013972727685,0.917119338994339,0.40667369063688363
Madhya Pradesh,Morena,0.4468895697251771,0.9648951360859631,0.4353752813234594
Arunachal Pradesh,Changlang,0.44714672491066965,0.9731725486855446,0.4369383290193304
Jammu & Kashmir,Kathua,0.447680412403933,0.6666666666666666,0.26914796569968985
Odisha,Khorda,0.44857040795310654,0.9547389201215555,0.43148781844785045
Tamil Nadu,Ariyalur,0.44866554944118986,0.9626356950116024,0.4355188190280192
Uttarakhand,Pauri Garhwal,0.4491305145848439,0.9892950852429753,0.4487148462207841
Arunachal Pradesh,East Siang,0.4501952385660394,0.9614578356100424,0.4356142306639865
Rajasthan,Karauli,0.4512997833545575,0.985838830925089,0.4497746883648906
Madhya Pradesh,Chhatarpur,0.4516900646375701,0.9709889939958426,0.44108678815732005
Himachal Pradesh,Solan,0.45213072860690895,0.9900216829661126,0.4519976744959869
Assam,Hailakandi,0.4530768653841409,0.9248455221944373,0.41815788842825147
Madhya Pradesh,Sagar,0.45330810935614885,0.9579341689547171,0.43622775508569916
Rajasthan,Jaisalmer,0.45350307259295997,0.9637682684085471,0.4387884374589831
Uttar Pradesh,Bara Banki,0.45553975780997363,0.9830958292239649,0.4506262863940334
Assam,Tinsukia,0.4567703800414569,0.8079993823141614,0.34953467118500625
Uttar Pradesh,Gonda,0.4571031373756978,0.9702647454316305,0.44522182982616626
Arunachal Pradesh,Namsai,0.45716875484923525,0.9642181541514133,0.4450518824309712
Tamil Nadu,Krishnagiri,0.45737553789868735,0.997672533691035,0.46085956482282797
Gujarat,Dahod,0.457783369285869,0.8854222036438318,0.39093118846385266
Uttar Pradesh,Fatehpur,0.4588201513706491,0.978282864125589,0.45229376680692407
Madhya Pradesh,Bhind,0.46051066605578683,0.9357544987748201,0.4356612114503833
Uttar Pradesh,Mainpuri,0.4615528507201402,0.9782337702379869,0.4542775106708606
Meghalaya,South Garo Hills,0.4624473416121963,0.6919607535158971,0.2845744563868218
Uttar Pradesh,Amroha,0.4625918752675171,0.9889768192935686,0.46083173496721913
Uttar Pradesh,Budaun,0.46278700169852804,0.9763083058975532,0.4568702624960254
Mizoram,Lawngtlai,0.46345017495389784,0.9354143349683169,0.43842655507118955
Assam,Lakhimpur,0.4635457439763224,0.8625805148974491,0.4020646170024118
Arunachal Pradesh,Longding,0.46432908362106273,0.9512711971803798,0.4459316735089871
Andhra Pradesh,Ananthapur,0.46502628568310644,0.9979808027920862,0.4687258613450427
Telangana,Warangal,0.465411590936504,0.9983912276626821,0.46931732196979337
Odisha,Gajapati,0.46557569416250644,0.9855235661890442,0.46322152267026473
Uttar Pradesh,Agra,0.46574595917091766,0.9579323039805606,0.45285590886604893
Rajasthan,Barmer,0.46584080820979973,0.9924043253480852,0.4671180321533632
Himachal Pradesh,Kinnaur,0.4660982542947779,0.9458809164691517,0.4404128164035331
Uttar Pradesh,Banda,0.46718037148409486,0.961332676609762,0.45419859152451775
Karnataka,Ballari,0.46740384753614905,0.9765489089930814,0.4610309623077478
Uttar Pradesh,Aligarh,0.4678817761723916,0.9718100538379437,0.4587896063613177
Uttar Pradesh,Sultanpur,0.4687838462938453,0.9794530795774098,0.4618652374128727
Assam,Sonitpur,0.468949150231211,0.8162223092431731,0.37904064076485644
Daman And Diu,Daman,0.4692285732476749,0.9249976996687523,0.4397475794880448
Madhya Pradesh,Jhabua,0.46994529183545347,0.9717644252390064,0.4615633280398198
Odisha,Sonapur,0.4704750480288213,0.995377073342673,0.4730231972848166
Arunachal Pradesh,West Kameng,0.47115510180193604,0.9216014652697554,0.4415517278002253
Uttarakhand,Uttarkashi,0.47122827952331875,0.9911414024743315,0.472076556912323
Uttar Pradesh,Balrampur,0.4718622577128914,0.9787745601677791,0.46575831669508133
Madhya Pradesh,Narsinghpur,0.47535461530136314,0.979002526252837,0.46977328240895255
Uttar Pradesh,Shahjahanpur,0.47622944470258155,0.9798871773369996,0.4711036894787379
Assam,Cachar,0.4762511258386533,0.902585699528533,0.42752533656413977
Assam,Bongaigaon,0.4769475391761009,0.874008705076132,0.4149081841063619
Uttar Pradesh,Kanpur Dehat,0.47792540661673244,0.9723419118957288,0.465037831597894
West Bengal,Kalimpong,0.4784817211825197,0.7296213554118859,0.30232796045033866
Karnataka,Vijayapura,0.4791039674555573,0.9809584524849038,0.4745425940832869
Andhra Pradesh,Ananthapuramu,0.47928893465591427,0.9956807292212404,0.4820908299579891
Karnataka,Kalaburagi,0.4817258068825575,0.981922917050009,0.47766356326869197
Assam,Kokrajhar,0.4822952666774342,0.8831737415172564,0.4280516914867347
Tamil Nadu,Dharmapuri,0.4826099874233529,0.9887280428899478,0.481326815379574
Tamil Nadu,Tenkasi,0.48581533405279853,0.9965940758840326,0.48899778828689366
Madhya Pradesh,Alirajpur,0.4862129856598629,0.9306163198812394,0.4504712697562995
Assam,West Karbi Anglong,0.48715635903355137,0.6363200799183817,0.30065934048844106
Mizoram,Aizawl,0.48893880633418085,0.9459159931229295,0.4640163263566657
Meghalaya,South West Garo Hills,0.48903867364543313,0.7596610747871361,0.37591936077762783
Uttar Pradesh,Hardoi,0.4902339133489035,0.985742600963225,0.4882622882010321
Assam,Udalguri,0.4926371010495766,0.8463782550946732,0.38466407403719005
Uttar Pradesh,Hathras,0.4929651742643295,0.9847028820862258,0.4896582847274742
Tripura,Khowai,0.4935051847939343,0.8639031339031339,0.4317872414269333
Assam,Kamrup,0.4942236998913309,0.8943100279769338,0.4378236081755297
Assam,Goalpara,0.49430435838192627,0.8847145508755707,0.42162338173432407
Tripura,Gomati,0.4951620579667507,0.9738284529047853,0.4833090888091346
Assam,Golaghat,0.4951772296831825,0.8486763075023721,0.4216445525735395
Jammu And Kashmir,Rajouri,0.49520049844858893,0.9954123343579905,0.4976651705864109
Jammu And Kashmir,Punch,0.49699928357693707,0.9862033692281547,0.49633169480366107
Arunachal Pradesh,Lower Dibang Valley,0.498731334189607,0.9388224921630094,0.47032371461498346
Ladakh,Kargil,0.4987392868517752,0.974960017182331,0.4910502801254349
Assam,Dibrugarh,0.4993077811921372,0.7526086985032738,0.36892954455826465
Uttar Pradesh,Kaushambi,0.49970137156600186,0.9777271611456119,0.4867793156802174
Uttar Pradesh,Chandauli,0.5018474132839646,0.9704943975076255,0.48702870985848296
Mizoram,Saiha,0.5042154619293298,0.8571235904708526,0.421309143578016
Sikkim,North Sikkim,0.5089403584322847,0.9011904761904761,0.46188822512111777
Odisha,Baleswar,0.5098611048653439,0.9985604670276832,0.5142253313178183
Uttar Pradesh,Etah,0.5108622562155242,0.9856281242194463,0.5075868774131668
Andaman And Nicobar Islands,South Andaman,0.5133092189814825,0.9778630520004612,0.5069915970802688
Assam,Dhemaji,0.5133119452991222,0.808422577927424,0.4232475147193784
Arunachal Pradesh,Kamle,0.5140650224981526,0.6860119047619048,0.31750663949107527
Daman And Diu,Diu,0.5158987783067907,0.9367063492063492,0.4896853196785227
Arunachal Pradesh,Tirap,0.5170391785380194,0.9455038894694067,0.4960816633289712
Arunachal Pradesh,West Siang,0.5186861601962901,0.9649497107830441,0.503364730412186
Assam,Karimganj,0.5191978537677667,0.9282821147408749,0.47200212506573536
Gujarat,Mahisagar,0.5194493111268911,0.9305759611112434,0.4860322337904615
Gujarat,Botad,0.5198623091037881,0.9175810492149489,0.4857558393012273
Jammu And Kashmir,Kargil,0.5216102609346454,0.9897564644834954,0.5212819044951841
Mizoram,Mamit,0.5228743556444055,0.9579336734693877,0.5046546844731956
Orissa,Khorda,0.522875816993464,0.5,0.26666666666666666
Assam,Kamrup Metro,0.5232990245419477,0.7660993989842988,0.3887393722373743
Jammu And Kashmir,Pulwama,0.5243360375886728,0.989839929591715,0.5235446903821596
Madhya Pradesh,Khandwa,0.5260520918467165,0.9629596135642359,0.5079254745918874
Gujarat,Arvalli,0.5270404804460181,0.9343865835116008,0.49544983468325826
Gujarat,Morbi,0.5273906258806,0.8878999882843951,0.471044564930405
Assam,North Cachar Hills,0.531399733463636,0.8978145181263133,0.46451191812606424
Mizoram,Kolasib,0.535960734026958,0.8781831988609398,0.47158558649833304
Odisha,Jagatsinghapur,0.5361517087723662,0.9902252097989259,0.5355561405159618
Jammu And Kashmir,Leh,0.5362423119805569,0.9744756680756032,0.5274158307226062
Arunachal Pradesh,Kra Daadi,0.5380328607859717,0.8834581658750457,0.4789392746147713
Arunachal Pradesh,Upper Siang,0.5384957661730546,0.86875,0.4559420529805274
Jammu And Kashmir,Kulgam,0.5388386234660503,0.9905538654815403,0.5391061598791859
Meghalaya,East Khasi Hills,0.539436725303992,0.588480607134418,0.3148586136278493
Andaman And Nicobar Islands,North And Middle Andaman,0.5400327698335281,0.9686287416851441,0.5282816742059309
Tamil Nadu,Kanyakumari,0.5414759044831803,0.9903894670127527,0.5415510574941877
Uttar Pradesh,Kheri,0.5434772947509091,0.9781443528532282,0.5360208658698916
Assam,Karbi Anglong,0.5435126662933714,0.8638856473120097,0.47782552056720795
Gujarat,Gir Somnath,0.5471351634072493,0.9290696891280549,0.5132802074943724
Tamil Nadu,Villupuram,0.5473181201392952,0.9987999860361345,0.5521091639399922
Assam,Barpeta,0.549494134883494,0.9362715483661557,0.5141483097108851
Jammu And Kashmir,Samba,0.5498722617271574,0.9785575480117846,0.5421196376745954
Gujarat,Chhotaudepur,0.551175106245657,0.8500574525893791,0.4723083730311687
Assam,Chirang,0.5513996652325662,0.8991011512039117,0.4734903451558828
Assam,Baksa,0.5622477819364344,0.839100327139318,0.46246913660095007
Uttar Pradesh,Bahraich,0.5622655582373871,0.9296968827318506,0.5290505266621193
Tripura,Unakoti,0.56367561775425,0.9148435469605293,0.48241463766607257
Jammu And Kashmir,Shupiyan,0.5664843892888572,0.9924719887955182,0.5678064085859356
Andhra Pradesh,K.V. Rangareddy,0.5684139499546818,0.7534722222222222,0.4073133618604688
Meghalaya,Eastern West Khasi Hills,0.5713598931189099,0.7330558677873955,0.15107852409564076
Assam,Jorhat,0.5856611107000291,0.8173580071134956,0.45869449991137773
Uttar Pradesh,Sitapur,0.5856869973488399,0.9731470499154791,0.575472751079574
Assam,Charaideo,0.5870278474692093,0.8476979541660862,0.42290113954846914
Telangana,Medchal?Malkajgiri,0.5882352941176471,0.5,0.3
Puducherry,Yanam,0.5895674602876979,0.6111111111111112,0.34961597542242706
Arunachal Pradesh,Anjaw,0.5915019031983301,0.7727272727272727,0.4391911095811988
Meghalaya,West Khasi Hills,0.5998623623306086,0.5999038656721847,0.373605569204473
Assam,Nalbari,0.6084773879387161,0.8849078393139737,0.48783030101535196
Arunachal Pradesh,East Kameng,0.6153287864005128,0.8963003482025221,0.52697096481221
Gujarat,Devbhumi Dwarka,0.6179808038716519,0.8923939308280849,0.5549530427164276
Telangana,Medchal−Malkajgiri,0.6191674306273365,0.9889828311562163,0.6185884308491216
Orissa,Baleswar,0.6223638880839693,0.5833333333333333,0.3666666666666667
Assam,Sibsagar,0.6282037158590614,0.7729230312693719,0.4274984890926156
Meghalaya,North Garo Hills,0.647337998495785,0.6426352266549163,0.3835382823112621
Arunachal Pradesh,Upper Subansiri,0.6550431015410578,0.8813370743034056,0.5532035162442336
Meghalaya,Ri Bhoi,0.6656435662282518,0.5863709880021175,0.38906607663532633
Jammu And Kashmir,Ramban,0.6781810085634599,0.9951109718324457,0.6813830698621415
Himachal Pradesh,Lahul And Spiti,0.6789891641543256,0.8790584415584415,0.6005973653927195
Arunachal Pradesh,Siang,0.6803664747255996,0.8015544871794872,0.5147847295324168
Arunachal Pradesh,Tawang,0.6868731315931443,0.917736562918179,0.6293714140157777
Assam,Darrang,0.6872668167069166,0.8107065877406715,0.4627047768049311
Meghalaya,West Jaintia Hills,0.7064926648020111,0.6956408539725005,0.48088307110863465
Meghalaya,South West Khasi Hills,0.7103371850583037,0.6766031941404479,0.4786841590556378
Jammu And Kashmir,Budgam,0.7247123946759872,0.9781623245464185,0.7155475876359747
Mizoram,Saitual,0.7299344899234023,0.3273809523809524,0.11640621922879987
Jammu & Kashmir,Leh (Ladakh),0.7352941176470588,0.5833333333333333,0.375
Jammu & Kashmir,Badgam,0.7389162561576355,0.6666666666666666,0.5
Arunachal Pradesh,Lower Siang,0.7637133686875707,0.7391025641025641,0.553724100976423
Arunachal Pradesh,Dibang Valley,0.7827009472782536,0.65,0.47997707210821966
Arunachal Pradesh,Kurung Kumey,0.8429369460536131,0.81151141743247,0.6372117009525254
Mizoram,Khawzawl,0.8663927050018775,0.44886363636363635,0.34841720779220775
Meghalaya,East Jaintia Hills,0.878984480193789,0.6000096933783927,0.5266838039960945
Arunachal Pradesh,Pakke Kessang,0.9108939291495073,0.38888888888888884,0.20795454545454542
Andaman & Nicobar Islands,Nicobars,0.9803921568627451,0.5,0.5
Arunachal Pradesh,Leparada,1.2905525846702317,0.3333333333333333,0.5361305361305361
