state,district,correction_pressure_mean,correction_pressure_std,correction_pressure_max,demo_updates_mean,child_enrol_5_17_mean
Andaman And Nicobar Islands,South Andaman,5.0,0.0,5.0,90.0,3.0
Andhra Pradesh,Anakapalli,5.0,0.0,5.0,305.25,3.0
Andhra Pradesh,Anantapur,5.0,0.0,5.0,1987.25,81.5
Andhra Pradesh,Kurnool,5.0,0.0,5.0,3881.0,205.75
Andhra Pradesh,Krishna,5.0,0.0,5.0,2444.5,135.0
Andhra Pradesh,Khammam,5.0,0.0,5.0,1054.25,66.0
Maharashtra,Bhandara,5.0,0.0,5.0,331.0,13.75
Andhra Pradesh,N. T. R,5.0,0.0,5.0,594.0,24.25
Andhra Pradesh,Nandyal,5.0,0.0,5.0,435.5,9.75
Andhra Pradesh,Palnadu,5.0,0.0,5.0,416.75,19.0
Andhra Pradesh,Parvathipuram Manyam,5.0,0.0,5.0,268.0,9.0
Maharashtra,Gondiya,5.0,0.0,5.0,553.0,26.0
Maharashtra,Wardha,5.0,0.0,5.0,395.0,22.25
Maharashtra,Sindhudurg,5.0,0.0,5.0,236.0,14.75
Ladakh,Leh,5.0,0.0,5.0,58.5,3.25
Lakshadweep,Lakshadweep,5.0,0.0,5.0,42.5,2.5
Karnataka,Tumakuru,5.0,0.0,5.0,500.75,40.25
Manipur,Kakching,5.0,0.0,5.0,150.0,17.25
Tamil Nadu,Thanjavur,5.0,0.0,5.0,2075.6,294.2
Andhra Pradesh,Ananthapur,5.0,0.0,5.0,1768.0,37.75
Karnataka,Tumkur,5.0,0.0,5.0,466.75,47.0
Karnataka,Udupi,5.0,0.0,5.0,702.25,52.5
Karnataka,Uttara Kannada,5.0,0.0,5.0,521.75,55.25
Uttarakhand,Uttarkashi,5.0,0.0,5.0,277.25,37.25
Andhra Pradesh,Visakhapatnam,5.0,0.0,5.0,2919.75,115.0
Andhra Pradesh,Vizianagaram,5.0,0.0,5.0,1869.5,39.5
Andhra Pradesh,Warangal,5.0,0.0,5.0,719.25,50.25
Andhra Pradesh,West Godavari,5.0,0.0,5.0,2241.5,85.75
Andhra Pradesh,Y. S. R,5.0,0.0,5.0,437.0,13.0
Arunachal Pradesh,Anjaw,5.0,0.0,5.0,26.0,2.75
Karnataka,Hasan,5.0,0.0,5.0,110.25,12.25
Karnataka,Hassan,5.0,0.0,5.0,589.5,35.5
Karnataka,Haveri,5.0,0.0,5.0,922.5,66.5
Karnataka,Kodagu,5.0,0.0,5.0,210.25,18.75
Karnataka,Kolar,5.0,0.0,5.0,704.25,78.5
Karnataka,Mandya,5.0,0.0,5.0,501.0,37.5
Karnataka,Shivamogga,5.0,0.0,5.0,502.25,45.5
Karnataka,Chikkamagaluru,5.0,0.0,5.0,226.0,23.75
Karnataka,Dakshina Kannada,5.0,0.0,5.0,1259.75,132.5
Uttarakhand,Champawat,5.0,0.0,5.0,216.75,24.0
Uttarakhand,Chamoli,5.0,0.0,5.0,210.25,19.25
Uttarakhand,Bageshwar,5.0,0.0,5.0,165.75,16.25
Mizoram,Serchhip,5.0,0.0,5.0,37.5,4.0
Karnataka,Bangalore Rural,5.0,0.0,5.0,514.2,53.4
Odisha,Jharsuguda,5.0,0.0,5.0,320.25,21.5
Karnataka,Dharwad,5.0,0.0,5.0,939.5,87.75
Pondicherry,Pondicherry,5.0,0.0,5.0,143.0,17.25
Himachal Pradesh,Sirmaur,5.0,0.0,5.0,315.25,16.75
Himachal Pradesh,Mandi,5.0,0.0,5.0,389.75,10.75
Jammu And Kashmir,Budgam,5.0,0.0,5.0,369.5,12.75
Haryana,Fatehabad,5.0,0.0,5.0,401.5,23.0
Haryana,Hisar,5.0,0.0,5.0,662.8,57.8
Himachal Pradesh,Chamba,5.0,0.0,5.0,575.0,16.0
Himachal Pradesh,Solan,5.0,0.0,5.0,252.25,16.25
Himachal Pradesh,Una,5.0,0.0,5.0,216.5,5.25
Puducherry,Karaikal,5.0,0.0,5.0,297.5,7.5
Puducherry,Puducherry,5.0,0.0,5.0,517.5,21.25
Telangana,Warangal Rural,5.0,0.0,5.0,222.25,17.5
Telangana,Warangal Urban,5.0,0.0,5.0,210.75,18.0
Haryana,Panchkula,5.0,0.0,5.0,429.0,23.0
Haryana,Rohtak,5.0,0.0,5.0,451.8,38.2
Haryana,Rewari,5.0,0.0,5.0,611.0,37.5
Haryana,Sirsa,5.0,0.0,5.0,493.0,49.5
Haryana,Sonipat,5.0,0.0,5.0,773.6,53.6
Himachal Pradesh,Bilaspur,5.0,0.0,5.0,179.75,3.5
Haryana,Yamuna Nagar,5.0,0.0,5.0,628.25,27.5
Haryana,Kaithal,5.0,0.0,5.0,485.4,17.0
Haryana,Karnal,5.0,0.0,5.0,667.25,44.75
Haryana,Jhajjar,5.0,0.0,5.0,406.5,24.75
Himachal Pradesh,Hamirpur,5.0,0.0,5.0,188.0,4.0
Himachal Pradesh,Kangra,5.0,0.0,5.0,683.25,18.75
Haryana,Ambala,5.0,0.0,5.0,472.6,24.4
Haryana,Bhiwani,5.0,0.0,5.0,553.25,38.0
Haryana,Charkhi Dadri,5.0,0.0,5.0,244.75,4.75
Telangana,Narayanpet,5.0,0.0,5.0,489.75,56.0
Telangana,Nirmal,5.0,0.0,5.0,878.5,26.5
Haryana,Jind,5.0,0.0,5.0,453.5,23.0
Telangana,Jogulamba Gadwal,5.0,0.0,5.0,774.5,74.75
Telangana,Vikarabad,5.0,0.0,5.0,1559.5,126.5
Telangana,Siddipet,5.0,0.0,5.0,771.25,43.5
Telangana,Rangareddy,5.0,0.0,5.0,148.75,15.25
Telangana,Rajanna Sircilla,5.0,0.0,5.0,275.75,12.75
Andhra Pradesh,East Godavari,5.0,0.0,5.0,3189.0,126.75
Andhra Pradesh,Srikakulam,5.0,0.0,5.0,3431.25,33.75
Andhra Pradesh,Ananthapuramu,5.0,0.0,5.0,1299.5,39.75
Andhra Pradesh,Annamayya,5.0,0.0,5.0,499.75,12.0
Andhra Pradesh,Chittoor,5.0,0.0,5.0,4417.5,164.75
Telangana,Jagitial,5.0,0.0,5.0,334.25,24.5
Telangana,Komaram Bheem,5.0,0.0,5.0,724.5,47.25
Telangana,Kamareddy,5.0,0.0,5.0,584.25,36.0
Rajasthan,Didwana-Kuchaman,5.0,,5.0,57.0,0.0
Rajasthan,Beawar,5.0,,5.0,19.0,0.0
Haryana,Mahendragarh,5.0,0.0,5.0,379.25,38.75
Punjab,Pathankot,5.0,0.0,5.0,148.75,16.75
Rajasthan,Salumbar,5.0,,5.0,15.0,0.0
Chhattisgarh,Mohla-Manpur-Ambagarh Chouki,5.0,0.0,5.0,553.0,23.25
Daman And Diu,Diu,5.0,0.0,5.0,17.5,0.5
Daman And Diu,Daman,5.0,0.0,5.0,36.5,2.75
Tamil Nadu,Virudhunagar,5.0,0.0,5.0,1631.75,156.75
Tamil Nadu,Tirupattur,5.0,0.0,5.0,228.5,25.5
Tamil Nadu,Tiruppur,5.0,0.0,5.0,2356.5,277.25
Chhattisgarh,Rajnandgaon,5.0,0.0,5.0,1159.75,92.75
Dadra And Nagar Haveli,Dadra And Nagar Haveli,5.0,0.0,5.0,276.25,17.75
Chhattisgarh,Sarangarh-Bilaigarh,5.0,0.0,5.0,155.5,6.0
Tamil Nadu,Ariyalur,5.0,0.0,5.0,1006.25,101.25
Tamil Nadu,Tirunelveli,5.0,0.0,5.0,3071.5,342.5
Telangana,Hanumakonda,5.0,0.0,5.0,384.25,27.25
Tamil Nadu,Villupuram,5.0,0.0,5.0,2309.25,228.75
Tamil Nadu,Tiruvannamalai,5.0,0.0,5.0,1982.25,169.25
Chhattisgarh,Kawardha,5.0,0.0,5.0,736.5,64.25
Chhattisgarh,Kabeerdham,5.0,0.0,5.0,355.25,23.0
Chhattisgarh,Gaurela-Pendra-Marwahi,5.0,0.0,5.0,90.0,5.0
Chhattisgarh,Durg,5.0,0.0,5.0,1205.6666666666667,86.66666666666667
Tamil Nadu,Dharmapuri,5.0,0.0,5.0,1583.5,212.75
Andhra Pradesh,Eluru,5.0,0.0,5.0,423.0,11.25
Andhra Pradesh,Bapatla,5.0,0.0,5.0,290.75,13.75
Andhra Pradesh,Cuddapah,5.0,0.0,5.0,2124.75,103.25
Andhra Pradesh,Dr. B. R. Ambedkar Konaseema,5.0,0.0,5.0,318.5,7.5
Andhra Pradesh,Kakinada,5.0,0.0,5.0,467.75,21.0
Chandigarh,Chandigarh,5.0,0.0,5.0,1312.8,42.2
Chhattisgarh,Balod,5.0,0.0,5.0,643.5,17.75
Chhattisgarh,Baloda Bazar,5.0,0.0,5.0,1126.0,112.4
Chhattisgarh,Dhamtari,5.0,0.0,5.0,469.5,22.25
Tamil Nadu,Kanniyakumari,5.0,0.0,5.0,1245.75,33.75
Tamil Nadu,Kanyakumari,5.0,0.0,5.0,649.75,23.0
Tamil Nadu,Krishnagiri,5.0,0.0,5.0,1765.25,227.5
Tamil Nadu,Madurai,5.0,0.0,5.0,2102.1666666666665,170.66666666666666
Tamil Nadu,Namakkal,5.0,0.0,5.0,2068.5,151.5
Tamil Nadu,Perambalur,5.0,0.0,5.0,764.75,58.0
Tamil Nadu,Tenkasi,5.0,0.0,5.0,367.25,29.5
Maharashtra,Ahilyanagar,5.0,,5.0,200.0,1.0
Andhra Pradesh,Sri Sathya Sai,5.0,0.0,5.0,552.75,10.0
Madhya Pradesh,Mandla,4.995762711864407,0.008474576271186715,5.0,592.25,65.25
Tamil Nadu,Thoothukkudi,4.982683982683983,0.03463203463203472,5.0,1504.5,219.25
Tamil Nadu,Theni,4.968434343434343,0.06313131313131322,5.0,1091.25,140.75
Telangana,Mancherial,4.9678571428571425,0.06428571428571486,5.0,644.75,42.25
Haryana,Palwal,4.9603174603174605,0.0793650793650793,5.0,622.0,83.0
Punjab,Ferozepur,4.951612903225806,0.09677419354838705,5.0,203.5,28.5
Karnataka,Davangere,4.948660714285714,0.10267857142857124,5.0,662.75,88.0
Goa,South Goa,4.946428571428571,0.10714285714285758,5.0,247.5,27.0
Telangana,Nizamabad,4.944852941176471,0.11029411764705875,5.0,1599.5,145.75
Telangana,Wanaparthy,4.9421487603305785,0.11570247933884312,5.0,754.0,100.25
Maharashtra,Ratnagiri,4.941747572815534,0.11650485436893199,5.0,611.75,54.75
Andhra Pradesh,Guntur,4.934171597633136,0.13165680473372787,5.0,3358.5,231.25
Arunachal Pradesh,Upper Siang,4.9,0.2000000000000003,5.0,46.75,5.25
Karnataka,Chitradurga,4.897368421052631,0.20526315789473684,5.0,751.5,81.5
Karnataka,Chickmagalur,4.892857142857142,0.21428571428571452,5.0,176.25,25.5
Andhra Pradesh,Alluri Sitharama Raju,4.890625,0.21874999999999992,5.0,258.25,29.0
Dadra And Nagar Haveli And Daman And Diu,Dadra And Nagar Haveli,4.888888888888889,0.2222222222222222,5.0,36.25,2.5
Uttarakhand,Pauri Garhwal,4.85625,0.2875000000000001,5.0,355.25,41.25
Tamil Nadu,Erode,4.845264542158215,0.2626033937891428,5.0,1674.0,261.25
Punjab,Sri Muktsar Sahib,4.831890331890332,0.2585873080252103,5.0,216.0,37.5
Tamil Nadu,Ranipet,4.821428571428571,0.35714285714285743,5.0,42.0,3.25
Uttarakhand,Almora,4.8161764705882355,0.36764705882352955,5.0,346.25,32.75
Odisha,Debagarh,4.804054054054054,0.3918918918918923,5.0,193.25,23.75
Karnataka,Mysore,4.7827646683673475,0.4077140464010933,5.0,306.25,53.5
Gujarat,Narmada,4.78125,0.43750000000000006,5.0,286.0,24.0
Karnataka,Gadag,4.774647887323944,0.4507042253521123,5.0,732.75,87.25
Punjab,Rupnagar,4.773809523809524,0.4523809523809525,5.0,149.5,23.25
Manipur,Thoubal,4.772058823529411,0.4558823529411765,5.0,1734.25,159.5
Himachal Pradesh,Shimla,4.767857142857142,0.4642857142857143,5.0,365.75,40.25
Tamil Nadu,Coimbatore,4.752911434373575,0.33855845908459403,5.0,2236.0,360.8
Jammu And Kashmir,Pulwama,4.75,0.4999999999999999,5.0,382.75,29.5
Telangana,Suryapet,4.75,0.4999999999999999,5.0,910.5,74.25
Karnataka,Chikkaballapur,4.75,0.4999999999999999,5.0,539.25,74.0
Telangana,Sangareddy,4.741935483870968,0.5161290322580642,5.0,875.0,117.0
Karnataka,Belagavi,4.730392156862745,0.5392156862745097,5.0,1332.25,155.5
Chhattisgarh,Bemetara,4.7265625,0.546875,5.0,677.25,75.5
Haryana,Mewat,4.7213675213675215,0.5001132167823692,5.0,654.4,110.0
Telangana,Yadadri.,4.71875,0.5625,5.0,562.5,51.25
Kerala,Wayanad,4.71178545789025,0.22169694790512254,5.0,319.25,58.25
Jammu And Kashmir,Ganderbal,4.705357142857142,0.5892857142857145,5.0,153.25,14.75
Telangana,Jangoan,4.701754385964913,0.5964912280701754,5.0,317.0,32.5
Mizoram,Mamit,4.7,0.38297084310253476,5.0,42.75,6.75
Odisha,Ganjam,4.69740099009901,0.6051980198019801,5.0,2230.75,249.0
Jammu And Kashmir,Anantnag,4.69551282051282,0.4174548757734604,5.0,646.5,85.0
Telangana,Karimnagar,4.692041522491349,0.6159169550173013,5.0,1509.0,171.5
Punjab,Barnala,4.681818181818182,0.6363636363636367,5.0,117.75,19.75
Telangana,Mahabubabad,4.678571428571429,0.6428571428571425,5.0,496.75,63.25
Tamil Nadu,Tiruchirappalli,4.677617217953001,0.4503949072358603,5.0,2440.25,382.75
Madhya Pradesh,Balaghat,4.673786407766991,0.7294357674174072,5.0,877.0,108.0
Telangana,Peddapalli,4.6640625,0.6718750000000001,5.0,200.75,18.0
Madhya Pradesh,Chhindwara,4.6600346020761245,0.679930795847751,5.0,1043.0,156.25
Odisha,Sambalpur,4.654580152671755,0.6908396946564884,5.0,646.5,79.25
Telangana,Adilabad,4.65,0.7000000000000001,5.0,992.75,116.75
Karnataka,Haveri *,4.65,0.6999999999999998,5.0,15.5,1.5
Karnataka,Gadag *,4.638888888888889,0.7222222222222224,5.0,24.0,2.5
Uttarakhand,Pithoragarh,4.630952380952381,0.738095238095238,5.0,299.5,36.5
Jammu And Kashmir,Srinagar,4.625022477971588,0.5456482151421583,5.0,552.5,67.5
Himachal Pradesh,Lahul And Spiti,4.625,0.75,5.0,17.5,0.25
Madhya Pradesh,Seoni,4.622340425531915,0.7553191489361701,5.0,813.5,128.25
Chhattisgarh,Sakti,4.615853658536585,0.7682926829268296,5.0,217.0,20.0
Delhi,South West Delhi,4.613884710902795,0.6799829845067252,5.0,2054.75,243.125
Madhya Pradesh,Dindori,4.598214285714286,0.8035714285714287,5.0,383.0,62.25
Madhya Pradesh,Betul,4.593997327577346,0.8660914702417174,5.0,1239.6666666666667,201.16666666666666
Telangana,Nagarkurnool,4.59375,0.8125000000000001,5.0,471.75,70.5
Odisha,Nayagarh,4.591666666666667,0.8166666666666665,5.0,573.25,67.75
Tamil Nadu,Thiruvarur,4.589225589225589,0.8215488215488218,5.0,1152.0,204.0
Karnataka,Chamrajanagar,4.581460674157303,0.8370786516853935,5.0,305.5,54.0
Odisha,Khorda,4.580078125,0.8398437499999999,5.0,976.5,163.5
Karnataka,Kalaburagi,4.576144781144781,0.7864542837941281,5.0,727.8,120.4
Chhattisgarh,Khairagarh Chhuikhadan Gandai,4.563541666666667,0.4889446188248498,5.0,116.0,15.75
Dadra And Nagar Haveli And Daman And Diu,Daman,4.5625,0.875,5.0,18.25,1.25
Manipur,Imphal East,4.554838709677419,0.8903225806451615,5.0,1795.25,141.0
Karnataka,Bagalkot,4.55,0.9000000000000002,5.0,1508.75,225.0
Uttarakhand,Nainital,4.542587601078167,0.7655262703343336,5.0,746.5,76.33333333333333
Kerala,Idukki,4.542105263157895,0.9157894736842105,5.0,349.75,67.75
Telangana,Warangal,4.53960396039604,0.9207920792079206,5.0,1019.0,122.5
Karnataka,Belgaum,4.533653846153847,0.9326923076923074,5.0,1362.75,220.0
Tamil Nadu,Dindigul,4.519924098671726,0.9601518026565463,5.0,1808.0,348.25
Chhattisgarh,Janjgir-Champa,4.510330578512397,0.9793388429752063,5.0,982.5,143.0
Punjab,Hoshiarpur,4.507539682539683,0.8747752833855519,5.0,313.0,50.125
Telangana,K.V. Rangareddy,4.502992125984252,1.1113433916518642,5.0,4136.0,736.2
Andhra Pradesh,Nellore,4.497440273037543,1.0051194539249144,5.0,1541.75,188.5
Chhattisgarh,Raipur,4.4964450079834695,0.8037368895184165,5.0,1147.5,129.83333333333334
Jammu And Kashmir,Shupiyan,4.492966751918159,0.5884886774040962,5.0,213.75,32.0
Chhattisgarh,Surguja,4.489838974546118,0.7543138960916138,5.0,1095.25,169.75
Andhra Pradesh,Nizamabad,4.482758620689655,1.0344827586206895,5.0,168.75,17.75
Chhattisgarh,Jashpur,4.4773368328958885,0.5877460311666316,5.0,1254.5,218.75
Karnataka,Shimoga,4.475346687211094,0.7764290256503502,5.0,213.5,37.25
Maharashtra,Nagpur,4.4727310731788394,0.9373771276728374,5.0,1402.2857142857142,214.57142857142858
Andhra Pradesh,Rangareddi,4.466165413533835,1.067669172932331,5.0,776.5,101.25
Jammu And Kashmir,Samba,4.455882352941177,1.0882352941176472,5.0,92.75,11.75
Telangana,Jayashankar Bhupalpally,4.454918032786885,1.0901639344262293,5.0,252.75,43.25
Delhi,North West Delhi,4.423012321980354,0.9231755778195655,5.0,4416.0,365.8888888888889
Gujarat,Gandhinagar,4.414494478847779,0.6686278044089378,5.0,641.125,104.625
Delhi,South East Delhi,4.4125,0.7619875327064085,5.0,31.0,2.25
Himachal Pradesh,Kinnaur,4.410714285714286,1.1785714285714288,5.0,35.25,5.25
Andhra Pradesh,Adilabad,4.409090909090909,1.1818181818181817,5.0,551.5,70.25
Odisha,Angul,4.4025,1.1950000000000003,5.0,725.75,103.25
Arunachal Pradesh,East Siang,4.395508658008658,0.6629397091892312,5.0,101.0,21.5
Andhra Pradesh,Karimnagar,4.392156862745098,1.2156862745098038,5.0,218.5,26.75
Orissa,Ganjam,4.391304347826087,1.2173913043478262,5.0,82.0,12.0
Odisha,Kandhamal,4.385555555555555,1.228888888888889,5.0,760.0,109.5
Odisha,Sundergarh,4.371287128712871,1.2574257425742574,5.0,839.75,160.0
Odisha,Dhenkanal,4.3681640625,1.263671875,5.0,801.0,131.25
Odisha,Gajapati,4.365963855421686,1.2680722891566265,5.0,573.5,79.5
Tamil Nadu,Nagapattinam,4.365959242231893,0.7096148913354097,5.0,940.25,183.0
Madhya Pradesh,Bhopal,4.363690345767062,0.9560024486459844,5.0,1079.5714285714287,207.42857142857142
Karnataka,Ballari,4.356521739130435,1.2869565217391303,5.0,390.5,66.75
Tamil Nadu,Kancheepuram,4.352468904411934,0.693669680505834,5.0,3104.0,670.8
Odisha,Sonapur,4.351769911504425,1.2964601769911503,5.0,424.0,55.25
Uttarakhand,Rudraprayag,4.35,1.1004946321423605,5.0,132.0,20.5
Tamil Nadu,Mayiladuthurai,4.340579710144928,0.7615249075605596,5.0,98.0,16.0
Punjab,Gurdaspur,4.334482038429407,0.8362820016247101,5.0,551.8571428571429,79.71428571428571
Odisha,Jagatsinghapur,4.334,1.332,5.0,448.5,76.0
Andaman And Nicobar Islands,North And Middle Andaman,4.333333333333334,0.8164965809277256,5.0,13.0,1.0
Tamil Nadu,Tiruvallur,4.322223518773012,0.46069631137184214,5.0,3161.25,666.25
Maharashtra,Mumbai City,4.32010582010582,1.3597883597883598,5.0,707.5,112.25
Haryana,Gurgaon,4.316164948885537,0.9800681626823429,5.0,1377.8333333333333,207.83333333333334
Delhi,East Delhi,4.315417978533612,0.983518140161826,5.0,2879.25,307.25
Andhra Pradesh,Medak,4.313970588235295,1.211139604139469,5.0,374.0,57.25
Telangana,Mahabubnagar,4.3030150753768845,1.3939698492462311,5.0,3802.25,615.75
Chhattisgarh,Dakshin Bastar Dantewada,4.302813852813853,1.0947743829529035,5.0,261.0,43.0
Jammu And Kashmir,Kupwara,4.298988621997472,0.8906807174431963,5.0,670.25,110.75
Odisha,Puri,4.291594234390844,1.1276898658585088,5.0,768.5,137.0
Haryana,Faridabad,4.287485466873602,0.896639823331438,5.0,2194.8888888888887,358.3333333333333
Odisha,Kendujhar,4.2836048879837065,1.4327902240325865,5.0,1178.75,258.0
Odisha,Jajapur,4.274550385383957,1.2855131678965785,5.0,723.75,120.25
Karnataka,Chamrajnagar,4.267857142857142,1.4642857142857144,5.0,29.75,6.0
West Bengal,Purba Medinipur,4.267253579068619,0.8464958552880275,5.0,1777.25,327.5
Chhattisgarh,Kanker,4.2664938217122685,1.096756798473676,5.0,540.0,69.25
Telangana,Nalgonda,4.263269639065817,1.4734607218683653,5.0,1886.75,311.5
Maharashtra,Gadchiroli,4.26006711409396,1.4798657718120805,5.0,338.75,67.0
Odisha,Bargarh,4.238857938718663,1.522284122562674,5.0,931.5,204.5
Telangana,Khammam,4.228174603174603,1.5436507936507933,5.0,1624.75,269.75
Odisha,Boudh,4.21505376344086,1.5698924731182797,5.0,295.0,61.25
Odisha,Malkangiri,4.210801393728223,1.5783972125435544,5.0,626.5,121.5
Odisha,Kendrapara,4.207507082152975,1.584985835694051,5.0,923.25,188.25
Andhra Pradesh,Nalgonda,4.202500000000001,1.5949999999999998,5.0,369.25,54.0
Odisha,Rayagada,4.197852760736197,1.6042944785276072,5.0,778.5,168.0
Telangana,Hyderabad,4.19224500785669,1.2738282942411068,5.0,3276.125,700.0
Tamil Nadu,The Nilgiris,4.171760236386661,0.9582733054333294,5.0,551.0,107.5
Gujarat,Bharuch,4.166666666666667,2.0412414523193148,5.0,633.0,84.66666666666667
Haryana,Panipat,4.166666666666667,2.0412414523193148,5.0,854.0,90.5
Telangana,Medchal−Malkajgiri,4.1644736842105265,1.6710526315789473,5.0,106.25,22.0
Karnataka,Koppal,4.163409465505062,1.1420866106768235,5.0,785.75,162.5
Madhya Pradesh,Sidhi,4.1630133581755455,0.9544040205992642,5.0,709.25,167.75
Chhattisgarh,Bilaspur,4.160705279747833,1.1734494341760378,5.0,1788.8,286.4
Punjab,Patiala,4.158429984612385,0.9986015166035931,5.0,810.0,128.16666666666666
Uttarakhand,Tehri Garhwal,4.1542049846727975,1.0404964266449908,5.0,442.25,81.0
Odisha,Nuapada,4.14975845410628,1.7004830917874396,5.0,510.0,104.25
West Bengal,Birbhum,4.145004821975829,0.8054105008277191,5.0,1330.857142857143,291.57142857142856
Punjab,Sas Nagar (Mohali),4.141473905604185,0.8889061170105631,5.0,465.6,98.6
Arunachal Pradesh,West Siang,4.129010695187166,1.0205976686092129,5.0,102.75,20.0
Karnataka,Bidar,4.127153419896386,1.312278712881023,5.0,807.8,179.2
Madhya Pradesh,Pandhurna,4.125,1.75,5.0,15.0,1.0
Odisha,Baleswar,4.117674745121815,1.4238359829932061,5.0,1376.25,286.75
Maharashtra,Kolhapur,4.098568628823406,1.2496023609476388,5.0,1211.0,246.25
Tamil Nadu,Karur,4.095211353890137,1.0799724293863502,5.0,769.25,163.5
Sikkim,North,4.09375,1.6500473478055107,5.0,11.5,2.5
Manipur,Senapati,4.092150170648464,1.8156996587030718,5.0,1042.75,180.25
Punjab,Shaheed Bhagat Singh Nagar,4.074239864864865,0.9799522260170385,5.0,120.25,25.25
Punjab,Faridkot,4.07251552795031,0.7185207738219853,5.0,127.5,24.75
Punjab,Mansa,4.07051724137931,0.6238413914199914,5.0,124.75,26.75
Delhi,Shahdara,4.066026410564226,1.8294925577569934,5.0,501.57142857142856,73.57142857142857
Karnataka,Ramanagar,4.064453125,1.8710937500000002,5.0,364.75,94.75
Punjab,Moga,4.05204678362573,0.8470319657811182,5.0,165.5,39.75
Karnataka,Bagalkot *,4.0377435064935066,1.114284086335454,5.0,35.0,7.75
Andhra Pradesh,Prakasam,4.0256880733944955,1.3692549136669652,5.0,2489.4,231.4
Maharashtra,Chandrapur,4.015469708754646,1.5678267977459672,5.0,387.85714285714283,53.57142857142857
Telangana,Medak,4.010733452593918,1.3939927358194695,5.0,1607.0,344.75
Arunachal Pradesh,Upper Subansiri,4.0106031543052,0.7598145405661254,5.0,60.25,13.75
Tamil Nadu,Vellore,4.0,2.2360679774997894,5.0,2040.4,261.8
Tamil Nadu,Ramanathapuram,4.0,2.2360679774997894,5.0,878.4,128.8
Tamil Nadu,Salem,4.0,2.2360679774997894,5.0,2693.4,321.6
Tamil Nadu,Cuddalore,4.0,2.2360679774997894,5.0,2017.8,218.6
Tamil Nadu,Sivaganga,4.0,2.2360679774997894,5.0,960.6,137.0
Mizoram,Kolasib,4.0,2.2360679774997894,5.0,61.8,10.2
Haryana,Kurukshetra,4.0,2.2360679774997894,5.0,300.4,15.6
Himachal Pradesh,Kullu,4.0,2.2360679774997894,5.0,187.6,22.2
Tamil Nadu,Kallakurichi,4.0,2.2360679774997894,5.0,245.0,29.8
Tamil Nadu,Chengalpattu,4.0,2.2360679774997894,5.0,388.6,63.8
Gujarat,Mahesana,3.9889219576719577,1.852785241375515,5.0,516.2857142857143,129.71428571428572
Telangana,Medchal-Malkajgiri,3.9755395683453236,2.2230250750828193,5.0,1674.6,180.0
Orissa,Bargarh,3.975,1.239287429668087,5.0,11.0,1.75
Orissa,Baleshwar,3.9746376811594204,1.2248091810280843,5.0,60.25,11.75
Karnataka,Vijayanagara,3.9695820842884855,1.462695976849394,5.0,263.5,60.25
Tamil Nadu,Chennai,3.96376404494382,2.217199886016982,5.0,2944.0,431.8
Maharashtra,Pune,3.9598456144192964,1.3245634344785777,5.0,3357.875,817.0
Dadra & Nagar Haveli,Dadra & Nagar Haveli,3.958333333333333,1.668748699541732,5.0,8.0,0.75
West Bengal,Murshidabad,3.9543459885700476,1.1807749124375118,5.0,4808.25,1095.75
Odisha,Bhadrak,3.946595239725246,1.5647649758333062,5.0,1211.0,284.25
Madhya Pradesh,Anuppur,3.9446535393818545,0.9402088096395778,5.0,372.5,87.25
Orissa,Bhadrak,3.9445652173913044,1.2640408643981036,5.0,61.25,9.75
Chhattisgarh,Uttar Bastar Kanker,3.943705673758865,1.2447165262309734,5.0,246.25,40.5
Odisha,Balangir,3.942688005711566,1.4944268440713282,5.0,898.0,231.0
Kerala,Pathanamthitta,3.938638309481517,0.44251116547233565,4.405405405405405,473.0,120.0
Maharashtra,Amravati,3.9384697843170997,1.4029111840015254,5.0,796.8333333333334,170.83333333333334
Chhattisgarh,Gariyaband,3.9251855600539813,0.9312846840759483,5.0,296.25,57.25
Jammu And Kashmir,Baramula,3.9182668392791093,1.0963729690220891,5.0,595.0,105.6
Punjab,Bathinda,3.917886174727793,0.7399964389539114,5.0,319.25,74.5
Odisha,Mayurbhanj,3.911380537539052,1.6422269855114195,5.0,1798.75,465.0
Uttarakhand,Udham Singh Nagar,3.8996664939045003,1.2713472837003679,5.0,1177.75,246.25
Odisha,Cuttack,3.8934262166405027,1.389859911105189,5.0,1000.25,256.25
Madhya Pradesh,Sagar,3.8930062061182484,1.45171768006101,5.0,1067.142857142857,268.85714285714283
Odisha,Kalahandi,3.8812506086279095,1.3443489059598648,5.0,1068.5,267.75
Telangana,Bhadradri Kothagudem,3.851578947368421,2.176945431732817,5.0,895.2,136.4
Maharashtra,Raigarh,3.845773915626857,1.466610333298122,5.0,773.75,203.75
Delhi,South Delhi,3.845315132137372,1.6042734158639578,5.0,2181.0,347.5
Madhya Pradesh,Singrauli,3.843384006638317,0.8713325195295768,5.0,898.0,214.75
Arunachal Pradesh,Tawang,3.842857142857143,1.2358587859361236,5.0,45.5,10.75
Karnataka,Mysuru,3.842105263157895,2.0370528926698555,5.0,439.3333333333333,77.16666666666667
Manipur,Imphal West,3.840522875816993,2.1745049908498473,5.0,1324.4,111.8
Delhi,West Delhi,3.818556892181383,1.2544676329949642,5.0,2855.8888888888887,489.44444444444446
Odisha,Koraput,3.806298975286317,1.5197679340404355,5.0,988.75,291.25
Karnataka,Bellary,3.8027611701275825,1.553441175152139,5.0,590.25,149.0
Chhattisgarh,Raigarh,3.8000923612856377,1.2458495575141657,5.0,605.4,125.0
Chhattisgarh,Dantewada,3.7978290366350067,1.310549631192715,5.0,134.25,31.5
Maharashtra,Dharashiv,3.7857142857142856,1.4777257761126574,5.0,54.25,7.0
Kerala,Kozhikode,3.7797426675320516,0.9373911542110652,5.0,1883.5,478.5
Andhra Pradesh,Mahbubnagar,3.753787878787879,1.6575681402517344,5.0,271.25,52.75
Daman & Diu,Daman,3.75,1.2583057392117916,5.0,5.75,0.25
Assam,Sribhumi,3.75,1.6718807329427494,5.0,48.0,10.75
Chhattisgarh,Mungeli,3.733993465257293,1.1954447038400366,5.0,489.5,88.75
Punjab,Sangrur,3.730617495711835,2.1203731230487026,5.0,204.2,40.6
Gujarat,Tapi,3.7282051282051283,2.1656119417344315,5.0,306.0,41.0
Jammu And Kashmir,Bandipore,3.7260879961740794,1.47180294942447,5.0,332.25,77.0
Arunachal Pradesh,Dibang Valley,3.708333333333333,2.262311993416371,5.0,7.0,0.75
Chhattisgarh,Korba,3.708007097069597,1.1900959857631983,5.0,538.25,122.25
Odisha,Jajpur,3.698156288156288,1.6617296117073788,5.0,395.25,116.75
Madhya Pradesh,Rewa,3.6942432724919705,1.056072817325141,5.0,1434.25,365.75
Maharashtra,Jalna,3.6878382838283827,1.6428200923971008,5.0,793.75,236.0
Assam,Bajali,3.6875,1.143368561167687,5.0,14.25,2.0
Maharashtra,Raigad,3.685030021322856,1.6760275110322718,5.0,426.8333333333333,123.83333333333333
Madhya Pradesh,Maihar,3.678571428571429,1.613611321414993,5.0,29.0,5.0
Karnataka,Chamarajanagar,3.6780303030303028,1.6637888377442576,5.0,21.25,4.25
Punjab,Fatehgarh Sahib,3.6719795798743164,1.2695821972545023,4.925925925925926,130.75,36.0
Karnataka,Vijayapura,3.6688543151718007,1.4656423735419244,5.0,767.0,168.4
Madhya Pradesh,Jabalpur,3.6610190196395287,1.5460506299391839,5.0,998.3333333333334,285.5
Punjab,Fazilka,3.656517445687953,1.1607583493985412,5.0,236.25,67.75
Andhra Pradesh,Karim Nagar,3.65,1.6114175953695762,5.0,20.5,2.75
Uttarakhand,Dehradun,3.642879536683756,1.3976440786373603,5.0,841.4444444444445,172.66666666666666
Madhya Pradesh,Satna,3.6389783607267696,1.5471992803975283,5.0,1313.0,324.3333333333333
Gujarat,Ahmedabad,3.6167496880779533,1.395253929237174,5.0,3037.285714285714,811.2857142857143
Goa,North Goa,3.6123076923076924,2.1868460983773335,5.0,212.0,29.2
West Bengal,Dakshin Dinajpur,3.596923243766258,1.2626897794546381,5.0,749.8,213.8
Gujarat,The Dangs,3.596642096642096,2.0658136606693724,5.0,165.5,31.0
Telangana,Mulugu,3.595435393258427,1.690524653683319,5.0,256.5,58.25
Madhya Pradesh,Indore,3.594322981706348,1.5709043390754511,5.0,2481.625,626.125
Maharashtra,Mumbai Suburban,3.592008390223396,1.4946520304974713,5.0,2176.285714285714,706.5714285714286
Punjab,Tarn Taran,3.5801587301587303,1.3307810511490061,5.0,193.2,54.6
West Bengal,Bankura,3.577928247415623,1.0711209181011765,5.0,1931.75,530.5
Telangana,Jangaon,3.575,1.4103781998693352,5.0,16.75,3.75
Madhya Pradesh,Mandsaur,3.572185852208364,0.9993699911928947,5.0,734.75,202.0
Odisha,Baleshwar,3.563150042625746,1.4687571392886676,5.0,173.5,51.0
Chhattisgarh,Mahasamund,3.5328944784618956,1.6793116710226836,5.0,730.25,140.75
Arunachal Pradesh,East Kameng,3.5314744079449962,1.2312935334611175,4.928571428571429,73.0,19.75
Manipur,Bishnupur,3.5184357541899445,2.2261199427901226,5.0,930.2,111.8
West Bengal,Paschim Medinipur,3.5097233878960643,1.549626472448479,5.0,3035.5,923.75
Maharashtra,Beed,3.5064684604998804,1.9083919280015498,5.0,974.25,307.625
Delhi,North Delhi,3.502588206562109,1.3927515064788343,5.0,784.1666666666666,205.0
Tripura,Gomati,3.4766846361185983,2.055584327105876,5.0,206.6,40.8
Andhra Pradesh,Hyderabad,3.473856499895332,1.8223051811048447,5.0,921.75,252.0
Jammu And Kashmir,Leh,3.4595141700404857,1.7891026783043256,5.0,54.75,10.5
Maharashtra,Akola,3.45402468017661,2.2557674270205985,5.0,442.0,138.6
Gujarat,Surat,3.4438136390580922,1.2151421841296273,5.0,3676.0,914.1428571428571
Madhya Pradesh,Vidisha,3.443385377089261,1.3432532552927552,5.0,995.0,315.14285714285717
Andhra Pradesh,K.V. Rangareddy,3.4375,1.8300159379998124,5.0,8.0,1.0
Karnataka,Bengaluru,3.4307969390206243,0.8228349913198514,5.0,4053.8333333333335,1122.0
West Bengal,Malda,3.411238821632835,1.3714478227233802,5.0,2163.5,659.5
Andhra Pradesh,Tirupati,3.4101975195222787,1.6281706864313452,5.0,570.5,172.25
Tripura,Khowai,3.399443561208267,1.0739292215950362,5.0,114.0,24.75
Madhya Pradesh,Niwari,3.375,1.235096337523095,5.0,20.75,4.0
Orissa,Puri,3.3676470588235294,1.8972298144553104,5.0,28.75,6.5
Manipur,Jiribam,3.365128205128205,1.1528141253587072,5.0,73.5,22.75
Arunachal Pradesh,Namsai,3.361458333333333,1.2466778770663522,5.0,42.75,13.5
Arunachal Pradesh,West Kameng,3.3600000000000003,2.0427922067601494,5.0,70.0,20.6
Karnataka,Chikmagalur,3.3541666666666665,1.2589954108115107,5.0,10.5,2.25
Arunachal Pradesh,Siang,3.350378787878788,1.930261553476658,5.0,37.5,15.0
Madhya Pradesh,Raisen,3.3496384596034035,1.4412775921786818,5.0,702.6,246.0
Maharashtra,Chhatrapati Sambhajinagar,3.3491942064463487,1.6274464933069455,5.0,304.0,91.25
Jammu And Kashmir,Kulgam,3.333868239040653,1.3152896654497337,5.0,243.0,58.0
Rajasthan,Jalore,3.3333333333333335,2.8867513459481287,5.0,18.333333333333332,61.0
Odisha,Sundargarh,3.3290719696969697,1.4782973452321997,5.0,88.25,26.25
Jammu And Kashmir,Punch,3.321915772326169,1.5385167183431805,5.0,468.6,109.6
Orissa,Nayagarh,3.3125,1.9724667297574374,5.0,11.75,3.0
Punjab,Muktsar,3.3125,1.0535714285714286,4.75,25.5,7.0
Uttar Pradesh,Bhadohi,3.304857140103184,1.22947504920219,4.666666666666667,220.25,69.25
Karnataka,Yadgir,3.2879543878450415,1.3309442211378053,5.0,831.2,283.2
Mizoram,Aizawl,3.286147257968338,1.2289657383413994,5.0,197.25,59.0
Delhi,North East Delhi,3.2517781155510654,1.4613848644759042,5.0,1964.6666666666667,624.8333333333334
Arunachal Pradesh,Lower Subansiri,3.247069107363225,1.465062317833314,5.0,39.25,13.75
Uttarakhand,Haridwar,3.233619123325006,1.9268091475857037,5.0,1021.6666666666666,202.5
Chhattisgarh,Surajpur,3.2333994638273813,1.2913568661705417,5.0,677.5,180.0
Arunachal Pradesh,Lower Dibang Valley,3.2333333333333334,1.3958271144140069,5.0,37.5,12.25
Madhya Pradesh,Ashok Nagar,3.2306453713501724,1.7509497679832158,5.0,609.5,214.16666666666666
Assam,Bongaigaon,3.2298394210092494,1.9681333638664162,5.0,368.6666666666667,69.55555555555556
Madhya Pradesh,Katni,3.227252788746977,1.9345831791897001,5.0,1044.75,301.25
Punjab,Firozpur,3.223901098901099,1.3400615297793508,5.0,36.25,12.0
Jharkhand,Palamu,3.2212614504770984,1.1875297039473411,5.0,1672.0,498.5
Manipur,Ukhrul,3.206184504886377,2.072110078622295,5.0,431.75,106.0
Nagaland,Chumukedima,3.2,2.4899799195977463,5.0,38.4,19.4
West Bengal,Barddhaman,3.1685166827323314,1.2452418908529572,5.0,2223.75,751.5
Arunachal Pradesh,Pakke Kessang,3.1666666666666665,1.0408329997330665,4.0,4.333333333333333,0.3333333333333333
Mizoram,Lunglei,3.1666666666666665,2.48327740429189,5.0,65.66666666666667,19.333333333333332
Madhya Pradesh,Shahdol,3.1623617023725528,1.2807530864110863,4.813559322033898,602.0,207.0
Odisha,Subarnapur,3.1450635386119257,1.3796842246137817,5.0,46.0,15.0
Delhi,New Delhi,3.1272291094655684,2.330203138367474,5.0,49.166666666666664,83.66666666666667
Haryana,Yamunanagar,3.125,2.174664725116648,5.0,6.75,0.75
Gujarat,Valsad,3.1183656450879185,1.99979102871045,5.0,688.8571428571429,200.85714285714286
Odisha,Anugul,3.117857142857143,2.190529243663946,5.0,19.75,6.75
Sikkim,North Sikkim,3.1055555555555556,0.923827251234481,4.0,14.75,4.25
Pondicherry,Karaikal,3.0833333333333335,1.2963624321753369,5.0,8.5,2.0
Rajasthan,Deeg,3.078125,1.3819662547134306,5.0,29.25,10.75
Rajasthan,Hanumangarh,3.078120174251206,1.4388242215583777,5.0,770.8,254.2
Arunachal Pradesh,Lohit,3.0526315789473686,1.451999502283728,4.583333333333333,45.5,15.75
Uttar Pradesh,Bijnor,3.047199681683786,1.2362935756436062,5.0,2204.2,768.6
Gujarat,Kachchh,3.035267839191764,1.6616687975529338,5.0,860.2222222222222,289.44444444444446
Madhya Pradesh,Neemuch,3.0275735623532785,1.4233557905636942,5.0,550.25,191.0
Delhi,Central Delhi,3.026777157403842,1.8977036692342923,5.0,422.875,124.125
Andaman And Nicobar Islands,Nicobar,3.0214285714285714,2.366819962458885,5.0,6.5,2.75
Karnataka,Bijapur,3.0189429353369146,1.554239318166052,5.0,636.75,232.5
Uttar Pradesh,Sonbhadra,3.0126728237074714,1.32684150693975,5.0,1359.75,505.75
Odisha,Jagatsinghpur,3.00805724588686,1.564755703960946,5.0,57.5,17.0
Maharashtra,Chatrapati Sambhaji Nagar,3.0069786535303775,1.4982763846998766,5.0,75.5,20.25
Rajasthan,Balotra,3.0,,3.0,3.0,0.0
Daman & Diu,Diu,3.0,2.449489742783178,5.0,4.5,0.0
Rajasthan,Kota,2.9998740601542617,1.8846151418963326,5.0,1062.6,375.2
Madhya Pradesh,Damoh,2.985524067373979,1.3537388732256974,5.0,669.0,234.5
Kerala,Alappuzha,2.9811641668967925,1.2843014872366743,4.881481481481481,608.5,223.0
Andhra Pradesh,Sri Potti Sriramulu Nellore,2.979938928289992,1.5353887704581355,5.0,481.75,155.5
Chhattisgarh,Koriya,2.971802423832746,1.5147985926151861,5.0,381.25,126.0
Tamil Nadu,Viluppuram,2.9701617366705615,1.468853503776516,5.0,531.75,195.25
Tamil Nadu,Pudukkottai,2.9653622550426912,1.8587847741285457,5.0,1313.0,334.0
Karnataka,Gulbarga,2.9629018577746473,1.3984957593096625,5.0,541.0,175.75
Punjab,Amritsar,2.9489897892448775,1.670371012894394,5.0,704.375,221.875
Rajasthan,Jaipur,2.9461976028856305,1.5802036759809037,5.0,3243.0,1282.2857142857142
Kerala,Kollam,2.9457550791400897,1.83438081642545,5.0,775.4,208.4
Gujarat,Arvalli,2.944444444444444,2.4532669073132904,5.0,178.33333333333334,53.666666666666664
Gujarat,Junagadh,2.9260669724500534,1.8840211529272923,5.0,442.4,113.6
Maharashtra,Ahmadnagar,2.9249792190172266,2.2384665140986497,5.0,1425.2,467.6
West Bengal,Paschim Bardhaman,2.9245668745668745,1.5452437691357097,5.0,243.0,79.5
Kerala,Kottayam,2.9203698557530116,0.9462636261186976,4.302631578947368,566.25,201.0
West Bengal,Puruliya,2.911319577711712,1.5075840418634376,5.0,2446.25,853.0
Maharashtra,Nashik,2.9049963241112877,1.8786440957245167,5.0,1944.3333333333333,967.0
Maharashtra,Parbhani,2.900131552542977,2.288637436255204,5.0,633.1428571428571,144.42857142857142
Chhattisgarh,Bastar,2.891033908049863,1.4731644068248682,5.0,1609.0,452.0
Maharashtra,Osmanabad,2.88769335373109,2.1896234748023766,5.0,441.8,142.6
Jammu And Kashmir,Kathua,2.8757405135967433,1.4536250079367843,5.0,232.25,77.5
Maharashtra,Gondiya *,2.875,1.6520189667999177,5.0,6.75,1.0
Rajasthan,Ajmer,2.8699117026136705,1.2492181212225586,5.0,1213.6666666666667,464.5
Gujarat,Navsari,2.857142857142857,2.6726124191242437,5.0,320.14285714285717,28.714285714285715
Arunachal Pradesh,Papum Pare,2.854539175842814,1.2381264870512463,4.653846153846154,151.75,60.25
Chhattisgarh,Manendragarh–Chirmiri–Bharatpur,2.850378787878788,1.4672005117221696,5.0,98.75,26.5
Rajasthan,Sikar,2.8373907231654427,1.7604016903755406,5.0,1237.4285714285713,437.2857142857143
Maharashtra,Jalgaon,2.8358191767648235,2.2091083515181738,5.0,910.8571428571429,368.42857142857144
Jharkhand,Pakaur,2.8316176470588235,1.8771533194640995,5.0,45.25,25.0
Rajasthan,Baran,2.814472755162747,1.379444812559156,5.0,633.8333333333334,276.3333333333333
Gujarat,Rajkot,2.8128522887830787,1.6114385490203929,5.0,1009.375,466.5
Madhya Pradesh,Dewas,2.8068938407081063,1.6224902863412112,5.0,622.1428571428571,279.7142857142857
Punjab,Jalandhar,2.8067145245920546,1.5110595311693962,5.0,478.0,183.0
Arunachal Pradesh,Shi-Yomi,2.796875,2.035732234152288,5.0,10.75,5.5
Uttar Pradesh,Allahabad,2.796640060443668,1.5262818074946936,5.0,3748.75,1486.5
Punjab,Malerkotla,2.796067631458948,1.4857460466222625,5.0,93.5,36.5
Bihar,Kishanganj,2.7841031602071884,1.6094616529914851,5.0,1042.5,445.5
Arunachal Pradesh,Changlang,2.781866397000683,1.8178662460103328,5.0,154.25,76.0
Jammu And Kashmir,Badgam,2.775885935769657,1.7948163342095542,5.0,141.75,47.5
Maharashtra,Thane,2.775711570685856,1.5628179270912608,5.0,4010.0,1514.3333333333333
Tripura,West Tripura,2.753176438394033,1.8069173392558717,5.0,520.8,152.8
Orissa,Jharsuguda,2.75,2.0615528128088303,5.0,3.0,0.0
Orissa,Dhenkanal,2.7458333333333336,1.9628670923478804,5.0,11.5,4.5
Maharashtra,Washim,2.7441520467836256,2.330168125341307,5.0,206.83333333333334,50.0
Gujarat,Jamnagar,2.7431900679162027,2.242614183515334,5.0,390.0,114.14285714285714
Nagaland,Niuland,2.7386363636363638,1.9541490084196338,5.0,7.5,3.75
Tripura,South Tripura,2.7375540175520348,1.5287344250759605,5.0,496.25,201.0
Uttar Pradesh,Ayodhya,2.7245655568000546,2.188057343064535,5.0,208.83333333333334,105.66666666666667
Jharkhand,Latehar,2.723999774735069,1.5397866197014907,5.0,597.5,230.75
Madhya Pradesh,Ujjain,2.7178456389514927,1.5670282845594983,5.0,1097.0,440.75
Uttar Pradesh,Auraiya,2.712555422373629,0.34952941683006244,3.0372881355932204,1067.5,386.75
West Bengal,Jhargram,2.71,1.9597193676646665,5.0,118.4,34.2
Karnataka,Bangalore,2.705384388707262,1.4107027344059089,4.771689497716895,778.25,309.0
West Bengal,Purba Bardhaman,2.7014402313229295,1.781730915201597,5.0,257.4,78.0
Maharashtra,Buldana,2.6808697838109605,1.487977803606789,4.769230769230769,60.0,28.0
Jammu And Kashmir,Kargil,2.6735385210994966,1.7795963297776265,5.0,106.5,34.75
Karnataka,Davanagere,2.6696146990264635,1.1365631097211188,4.333333333333333,31.0,11.5
Maharashtra,Yavatmal,2.6670948992623864,2.224807304898937,5.0,611.3333333333334,223.16666666666666
Madhya Pradesh,Dhar,2.666867188228969,1.7077682947583874,5.0,1197.7142857142858,507.57142857142856
Maharashtra,Buldhana,2.6584558252518775,2.23600208957212,5.0,562.1666666666666,182.16666666666666
Sikkim,East,2.6405075187969924,1.6129523712185052,5.0,80.5,38.25
Kerala,Palakkad,2.627873915600751,1.009122648504147,4.131455399061033,840.5,345.25
Rajasthan,Jhunjhunun,2.6278451746948126,1.6653741627655982,5.0,1015.25,444.0
Jharkhand,Simdega,2.6162398239990825,1.6335044771990188,5.0,323.0,148.5
Manipur,Tamenglong,2.6129123303352033,1.770406957765595,5.0,495.0,158.5
Gujarat,Porbandar,2.61003861003861,2.5168948070776826,5.0,138.85714285714286,47.42857142857143
Madhya Pradesh,Gwalior,2.603457910141321,1.830686403338423,5.0,1263.888888888889,622.4444444444445
Rajasthan,Tonk,2.6027350183928504,1.3430442194482306,4.822784810126582,798.0,331.2
Gujarat,Amreli,2.598496716659242,2.365020921389585,5.0,241.66666666666666,97.83333333333333
Gujarat,Morbi,2.595475413882689,1.931299406924651,5.0,338.22222222222223,200.33333333333334
Chhattisgarh,Mohalla-Manpur-Ambagarh Chowki,2.5833333333333335,1.7017148213885114,4.5,5.333333333333333,1.3333333333333333
Arunachal Pradesh,Lower Siang,2.5732142857142857,1.6460669988265515,5.0,12.0,4.5
Kerala,Kasaragod,2.5717069303779545,1.153319245434745,4.291044776119403,477.75,199.5
Karnataka,Bengaluru South,2.55876530094884,1.7556298433719766,5.0,81.5,45.75
Gujarat,Botad,2.5515370705244123,2.5037157361544997,5.0,106.0,67.71428571428571
Madhya Pradesh,Tikamgarh,2.5284143826908947,1.6554101841346114,5.0,864.75,384.75
Ladakh,Kargil,2.528067722895309,1.8373894249869451,5.0,98.0,30.0
Madhya Pradesh,Narsinghpur,2.5116529939731613,1.5733380597939348,5.0,495.4,244.4
Rajasthan,Ganganagar,2.503959708087605,1.1670867927056108,4.095744680851064,754.0,319.0
Orissa,Sonapur,2.5,1.0,4.0,2.5,0.0
Orissa,Kandhamal,2.5,1.7320508075688772,4.0,3.0,0.5
Himachal Pradesh,Lahaul And Spiti,2.5,3.5355339059327378,5.0,4.0,0.0
Karnataka,Raichur,2.4923209209771224,1.2931059931933115,4.424920127795527,867.0,411.2
Maharashtra,Latur,2.487628374856181,2.106494235585186,5.0,668.0,233.0
Manipur,Chandel,2.486398428936792,1.8111895420378015,4.923913043478261,245.5,127.5
Sikkim,East Sikkim,2.483974358974359,1.8623700034777337,5.0,60.5,34.0
Andhra Pradesh,K.V.Rangareddy,2.4791666666666665,1.8338067570554488,5.0,12.0,3.5
Uttar Pradesh,Bulandshahr,2.4703911865319585,1.2395989831881167,5.0,2229.125,940.125
Orissa,Balangir,2.4676894796380093,1.3501162187603788,4.153846153846154,60.25,27.0
Jammu And Kashmir,Rajouri,2.4663718641582584,1.6896425465198852,5.0,385.5,148.5
Uttar Pradesh,Firozabad,2.461992670613704,1.5762907681406506,5.0,1567.0,703.7142857142857
Orissa,Kendrapara,2.4583333333333335,1.7814631938693293,5.0,4.5,1.0
Rajasthan,Dholpur,2.4488939932841274,1.3762803004775366,4.479838709677419,975.3333333333334,451.8333333333333
Arunachal Pradesh,Kurung Kumey,2.4458333333333333,0.8748941734946087,3.6666666666666665,26.5,11.0
Gujarat,Gir Somnath,2.4441122755408466,1.9882012932875301,5.0,198.57142857142858,139.28571428571428
Madhya Pradesh,Shajapur,2.4266432853977946,1.4257202563647993,4.442786069651741,576.75,267.5
Gujarat,Bhavnagar,2.4229366920782236,2.5083004752212057,5.0,561.7142857142857,187.0
Madhya Pradesh,Ratlam,2.4217861124484195,1.7445915725842749,5.0,693.25,369.5
Chhattisgarh,Narayanpur,2.41082467470048,1.762498366351778,5.0,179.25,76.5
West Bengal,East Midnapore,2.393166613571201,1.7657412281864404,5.0,163.25,79.5
Madhya Pradesh,Mauganj,2.3829545454545453,1.8846135547344196,5.0,30.25,14.5
Uttarakhand,Garhwal,2.375,2.056493779875511,5.0,4.0,1.0
Maharashtra,Aurangabad,2.35802893735572,1.944584764154871,5.0,1019.4285714285714,696.2857142857143
Arunachal Pradesh,Kamle,2.357456140350877,1.1429878418098263,4.0,16.0,6.25
West Bengal,Cooch Behar,2.3485478155998356,2.0387648296625516,5.0,1429.5,536.6666666666666
Uttar Pradesh,Saharanpur,2.3469148981187145,1.513759582683588,5.0,1497.875,669.875
Gujarat,Vadodara,2.3376871897603144,2.1344370765211247,5.0,1215.7777777777778,270.3333333333333
Orissa,Jajapur,2.3375,2.1799751527635967,5.0,12.75,4.5
Andhra Pradesh,Mahabubnagar,2.3333333333333335,2.0816659994661326,4.0,2.3333333333333335,0.0
West Bengal,Hooghly,2.3325398001706428,1.1798058229126904,4.293542074363992,1547.6,771.2
Madhya Pradesh,Khandwa,2.327120298813017,1.9417069893959953,5.0,342.2857142857143,176.0
Rajasthan,Dausa,2.3241825317155342,1.234936551455095,4.050595238095238,977.5,451.75
Maharashtra,Sangli,2.314675775564577,2.0916051181064064,5.0,455.85714285714283,257.42857142857144
Maharashtra,Satara,2.313626126126126,2.5210603611904285,5.0,427.75,89.625
Gujarat,Sabarkantha,2.3114823816405057,2.1573651448896176,5.0,471.6666666666667,195.5
Orissa,Khordha,2.3018728222996514,1.7987742889938834,5.0,51.25,24.25
Maharashtra,Palghar,2.295315440091395,2.190220015394224,5.0,922.375,398.875
Assam,Majuli,2.294945054945055,1.9685297679560825,4.533333333333333,47.0,31.4
Uttar Pradesh,Mahoba,2.294451337193273,0.5550745093033871,3.0,576.75,257.25
Kerala,Thiruvananthapuram,2.29405283190446,1.9620281788141523,5.0,747.5,232.33333333333334
Chhattisgarh,Kondagaon,2.288002947663156,1.9339552348124658,4.974452554744525,631.75,263.5
Madhya Pradesh,Narmadapuram,2.2870080584707644,0.9224200888693346,3.5217391304347827,59.25,25.0
Uttar Pradesh,Shamli,2.2859559330138888,1.5098302905913021,4.2368421052631575,907.8,522.6
Uttar Pradesh,Pilibhit,2.2746418513584006,1.523210574316434,5.0,1115.75,578.875
Jharkhand,Garhwa,2.271517905880802,1.4999385988468528,4.4978902953586495,759.25,383.75
Kerala,Thrissur,2.2664347259882973,1.505206418230125,4.15034965034965,881.6,334.4
Chhattisgarh,Janjgir - Champa,2.25,1.707825127659933,4.0,2.75,0.25
Mizoram,Champhai,2.243933132909233,1.487510889837458,3.8518518518518516,62.857142857142854,38.42857142857143
Odisha,Baudh,2.2256944444444446,1.9480249771828888,5.0,14.75,8.25
Dadra And Nagar Haveli And Daman And Diu,Diu,2.2222222222222223,2.428610332710488,5.0,5.333333333333333,2.0
Maharashtra,Gondia,2.2083333333333335,2.4395468613840747,5.0,4.5,1.0
West Bengal,South 24 Parganas,2.1999157068274666,0.9988276624367676,3.5748098055790365,4108.75,2049.25
Assam,Dhubri,2.1882796726890295,1.7587557499584863,5.0,898.125,481.125
Orissa,Malkangiri,2.175,1.858987179442971,4.0,3.75,1.75
Assam,South Salmara Mankachar,2.172590142776478,1.7936384170922182,5.0,138.2,72.8
Gujarat,Anand,2.1654999999999998,2.4751869770642725,5.0,315.25,103.5
Rajasthan,Chittorgarh,2.160967319638682,1.3063659443672953,3.7587412587412588,738.2,432.0
Rajasthan,Karauli,2.156408230493318,1.6001651447211092,4.2075471698113205,830.3333333333334,445.0
Madhya Pradesh,Panna,2.1541263335471674,1.9632579805743824,5.0,569.2857142857143,343.42857142857144
Uttar Pradesh,Mathura,2.15139992666543,1.6032389046643778,5.0,1615.4285714285713,823.7142857142857
Kerala,Ernakulam,2.1309462621962623,1.9342606232696902,5.0,801.1666666666666,301.1666666666667
Odisha,Khordha,2.1253333333333333,1.811042670826824,5.0,35.8,19.6
Sikkim,West,2.118939393939394,1.926429799465357,5.0,40.0,27.75
Jammu And Kashmir,Ramban,2.1177835388971626,1.9349695651114154,5.0,293.0,149.25
Kerala,Kannur,2.096943092566646,1.6022621424215377,4.461538461538462,787.8,344.4
Uttar Pradesh,Rae Bareli,2.0957036252408914,0.846559936075019,3.2027439024390243,1991.75,968.75
Madhya Pradesh,Guna,2.0948759864811,1.1092928579842225,3.7355371900826446,628.5,374.8333333333333
Uttar Pradesh,Pratapgarh,2.0888465814821804,1.0305447080146006,3.5813148788927336,2085.5,1096.5
Rajasthan,Pali,2.082562309980349,1.7742411422986635,5.0,732.6,539.2
Madhya Pradesh,Rajgarh,2.0823541288954166,0.8762931552439598,3.252032520325203,783.75,398.5
Uttar Pradesh,Faizabad,2.0739659002150663,0.9395173602324055,3.4609164420485174,1369.25,717.75
Uttar Pradesh,Lalitpur,2.0700536154934204,1.424484879835238,3.983050847457627,612.6,261.0
Madhya Pradesh,Bhind,2.0593779120008153,1.527279883650178,5.0,934.5555555555555,538.3333333333334
Jammu And Kashmir,Kishtwar,2.040089514066496,1.8513144317121832,4.764705882352941,92.0,51.25
Punjab,Ludhiana,2.0378583779333286,1.6603493759319161,5.0,818.2222222222222,508.1111111111111
Maharashtra,Solapur,2.030296010647613,1.934221977793307,5.0,881.8571428571429,356.42857142857144
Uttar Pradesh,Muzaffarnagar,2.0296242494081995,1.5178315427456608,5.0,1479.5,762.5
Assam,Chirang,2.024830308298868,1.9615395647685006,5.0,167.85714285714286,153.0
Assam,Nagaon,2.0151897533889436,2.0113579529023444,5.0,890.0,434.75
Uttar Pradesh,Prayagraj,2.0118884401442294,1.7642725822175225,5.0,374.3333333333333,209.16666666666666
Madhya Pradesh,Morena,2.001504898721718,1.2772887938397195,4.745222929936306,1536.5,955.875
Uttar Pradesh,Kaushambi,2.000365341917341,1.3400989166708879,3.9254658385093166,1159.0,506.3333333333333
Rajasthan,Jhunjhunu,2.0002319109461966,1.9744816605869184,4.909090909090909,35.0,25.25
Madhya Pradesh,Hoshangabad,2.0001473703601365,1.7186727096061771,4.685714285714286,305.0,162.4
Tamil Nadu,Tirupathur,2.0,,2.0,2.0,0.0
Gujarat,Devbhumi Dwarka,1.996413652632055,2.1607278634865037,5.0,95.42857142857143,60.285714285714285
Gujarat,Chhotaudepur,1.9879454471826912,2.220943634722302,5.0,139.625,162.875
Madhya Pradesh,Chhatarpur,1.9865688401545547,1.0522250598353102,3.6815286624203822,1154.5,745.625
Madhya Pradesh,Barwani,1.9792915061616552,1.3935989810415104,4.280254777070064,1370.5,1044.375
Jharkhand,Kodarma,1.9790629666500745,2.025601013304328,5.0,52.25,31.5
Uttar Pradesh,Sant Ravidas Nagar,1.9735479977756705,0.6677879092250738,2.83502538071066,1246.25,636.75
Chhattisgarh,Balrampur,1.9695797118589478,1.7171508209839794,5.0,457.2,305.6
Uttar Pradesh,Moradabad,1.9689390857311762,1.3328371094539706,4.6450839328537175,1410.125,766.375
Gujarat,Kheda,1.9667959642094426,2.11830587834253,5.0,410.7142857142857,174.85714285714286
West Bengal,Purulia,1.964160732838355,1.5893526001328102,4.233333333333333,96.25,60.75
Jharkhand,Hazaribagh,1.9622401014723436,1.8566804858234163,5.0,873.0,409.6
Arunachal Pradesh,Tirap,1.9596320346320346,1.2346589198544493,3.7142857142857144,19.5,9.75
Uttar Pradesh,Amethi,1.9515822129610223,0.8500421934685326,3.1666666666666665,1468.75,812.75
Uttar Pradesh,Ghaziabad,1.9499994950741129,1.5149568800479047,5.0,2232.5,1336.625
Jharkhand,Ramgarh,1.94581269336756,1.5305435348254188,4.237179487179487,438.0,266.5
Rajasthan,Bharatpur,1.944459282607971,1.6205583306809226,5.0,1308.5,1107.1666666666667
Rajasthan,Rajsamand,1.9336590364435438,0.9698298180344433,3.288135593220339,620.0,351.25
Jharkhand,Hazaribag,1.927335055643879,1.6023002651073803,4.3,86.75,52.0
Odisha,Nabarangapur,1.926222812282917,1.672745644941235,4.4916201117318435,670.4,398.0
Arunachal Pradesh,Kra Daadi,1.9228670634920635,0.1804471864302045,2.111111111111111,29.75,14.75
Maharashtra,Nanded,1.9225781120510201,2.281433013579144,5.0,762.875,305.875
Tripura,Dhalai,1.9150357142857142,1.876132635794132,5.0,221.2,121.4
Sikkim,South,1.9148503486196928,2.0581638638979647,5.0,30.5,27.0
Gujarat,Patan,1.9095192257151896,2.1180446568091176,5.0,344.44444444444446,247.55555555555554
Uttar Pradesh,Etawah,1.9049005404363764,1.3108171622096945,3.84,831.1666666666666,477.5
Madhya Pradesh,Datia,1.9029046693333556,1.5593273476073073,4.707920792079208,562.8333333333334,300.8333333333333
Maharashtra,Nandurbar,1.898469760329224,1.7953036690260549,5.0,308.57142857142856,375.7142857142857
Jharkhand,Palamau,1.8941287878787878,1.0720522998834237,3.466666666666667,30.75,16.5
Assam,Tamulpur District,1.8934523809523809,1.3752968139753003,3.8,13.5,8.25
Madhya Pradesh,Sehore,1.8896363124653401,0.8885015363445838,2.981981981981982,412.6,261.6
Orissa,Cuttack,1.8888888888888888,0.8296957645597541,2.888888888888889,24.25,14.25
Rajasthan,Bundi,1.8854344507561542,1.2501381335144484,4.137096774193548,479.1666666666667,222.33333333333334
Jharkhand,Bokaro,1.8834428753948644,1.371380223190986,3.916201117318436,932.0,569.5
Jharkhand,Pakur,1.8833557865993267,2.181247416051622,5.0,252.14285714285714,415.42857142857144
Punjab,Kapurthala,1.881153374811463,2.083977630536149,5.0,88.625,55.75
Orissa,Sambalpur,1.875,2.174664725116648,4.0,2.75,1.0
Rajasthan,Jhalawar,1.8744778335977503,0.9007469187791813,3.4235588972431077,736.8,400.4
Uttar Pradesh,Gautam Buddha Nagar,1.8730079224872596,1.3284364336080543,4.015698587127159,1699.111111111111,1035.3333333333333
Uttar Pradesh,Bareilly,1.8668178359792138,1.1464918316271326,4.263093788063338,2241.875,1252.125
Jammu And Kashmir,Udhampur,1.8502514982876712,1.610825761881234,4.25,134.75,87.25
Uttar Pradesh,Mau,1.8351823506539826,1.0141841869591164,3.3327495621716285,1982.0,1235.5
Assam,Marigaon,1.835117524045394,2.0379370834115145,5.0,499.8888888888889,325.3333333333333
Assam,Hojai,1.8343776174448982,1.8517444953327453,5.0,296.375,200.875
Maharashtra,Ahmed Nagar,1.8343448490507315,0.6789031171311742,2.7142857142857144,28.5,15.75
Uttar Pradesh,Ghazipur,1.8335238880244162,0.7628276712727207,2.8598870056497177,3068.25,1723.5
Maharashtra,Hingoli,1.8305733766594456,2.231920724849406,5.0,292.375,182.125
Uttar Pradesh,Jaunpur,1.8269200424321894,1.8011804725170573,5.0,2719.714285714286,1462.4285714285713
Gujarat,Mahisagar,1.8177107071116285,1.93927491605384,5.0,97.14285714285714,56.714285714285715
Uttar Pradesh,Ballia,1.8174687112005496,0.6577644229211428,2.608695652173913,2612.75,1465.0
Uttar Pradesh,Bara Banki,1.8130589144098614,1.4433496560997414,3.9930232558139536,1307.2,643.6
Assam,Lakhimpur,1.8114990557049664,1.9903326451825598,5.0,332.55555555555554,202.77777777777777
Uttar Pradesh,Aligarh,1.8052342219383695,1.6801374878960338,5.0,1754.2222222222222,1308.4444444444443
Jharkhand,Sahebganj,1.8009519275464387,1.2761534369203027,3.6877076411960132,927.5,667.5
West Bengal,Howrah,1.7975313974992033,1.7296396446639042,4.495626822157434,1042.4,625.0
Uttar Pradesh,Mirzapur,1.79602808127966,0.6987603609968501,2.822992700729927,1725.75,1025.25
Tripura,North Tripura,1.774628376318517,1.5509318906060725,4.183098591549296,143.8,83.2
Gujarat,Panchmahals,1.7656140453376956,1.8436289551116747,5.0,387.0,187.0
Nagaland,Peren,1.754613311217085,2.3288565872403644,5.0,41.25,105.375
Assam,Sibsagar,1.7523609428629114,1.834912195700511,5.0,147.5,85.66666666666667
West Bengal,Uttar Dinajpur,1.751975832001241,1.0958313447165495,3.8357963875205257,1889.3333333333333,1354.5
Tripura,Dhalai  *,1.75,1.3228756555322954,3.0,3.5,1.0
West Bengal,Medinipur,1.75,2.217355782608345,5.0,2.75,0.75
West Bengal,North 24 Parganas,1.7448805443708704,1.5785756033469103,4.574697173620458,1913.1666666666667,956.8333333333334
Uttar Pradesh,Lucknow,1.7399824065657086,1.4079106746129897,5.0,1753.2222222222222,1257.888888888889
Jammu And Kashmir,Jammu,1.737751126137288,1.6643325813741103,4.477064220183486,289.2,165.0
Kerala,Malappuram,1.7320625725210632,1.2306948816381011,3.4510108864696734,1606.0,823.2
Uttar Pradesh,Hamirpur,1.7255772422744104,0.6148732968284479,2.3585858585858586,618.0,349.5
Rajasthan,Churu,1.716843567890049,1.6246848327240373,5.0,850.4285714285714,676.0
Madhya Pradesh,Harda,1.7157964815428746,1.098809619707536,3.207547169811321,126.75,95.75
Bihar,Rohtas,1.7086717600530648,0.5670321509814277,2.483425414364641,2085.25,1280.0
Andhra Pradesh,Mahabub Nagar,1.7022206271970157,1.7172146711070317,4.12,104.5,108.0
Uttar Pradesh,Agra,1.6991657752412193,1.692540669478681,5.0,2053.0,1410.111111111111
Assam,Barpeta,1.6965324113460736,1.9794058713153977,5.0,553.1111111111111,367.3333333333333
Assam,Charaideo,1.6713861856470984,1.688698122349832,4.555555555555555,103.0,56.0
Uttar Pradesh,Hapur,1.6695959683729737,1.2635395860840903,3.6440677966101696,638.8333333333334,461.8333333333333
Puducherry,Pondicherry,1.6666666666666667,1.5275252316519468,3.0,1.6666666666666667,0.0
Telangana,Warangal (Urban),1.6666666666666667,1.1547005383792517,3.0,2.0,0.3333333333333333
Tripura,Sepahijala,1.665737639553429,1.2895731428309174,3.536363636363636,178.6,115.4
Bihar,Khagaria,1.6650415456785836,0.7523275289381133,2.6952624839948784,1480.0,944.75
Bihar,Begusarai,1.6642661989403251,1.0996710453188634,2.9871441689623506,1933.8,1009.0
West Bengal,Alipurduar,1.6567370678423206,1.9549298631723673,5.0,146.0,214.25
Uttar Pradesh,Sant Kabir Nagar,1.6519157001289928,0.7232370515688616,2.4806201550387597,1363.75,835.75
Rajasthan,Alwar,1.6341834563854967,1.2119688512727818,3.794701986754967,1389.0,914.25
Rajasthan,Bikaner,1.6322048923382764,1.3976261379112225,4.637404580152672,838.375,702.5
Uttar Pradesh,Rampur,1.632194278563032,1.0882033753668496,3.7207392197125255,1314.875,969.625
Madhya Pradesh,Umaria,1.6274946914604456,0.8179464191129314,2.802325581395349,327.5,226.5
Uttar Pradesh,Kasganj,1.6263862408969445,1.2559580399590387,3.273015873015873,734.8,595.4
Uttar Pradesh,Kushinagar,1.625546471727197,1.0577416684073548,2.966666666666667,2291.2,1226.4
Maharashtra,Mumbai,1.622656357405106,1.4722796281461565,3.933774834437086,1163.2,776.2
Assam,Hailakandi,1.6180091677023114,1.5543236976833217,4.248322147651007,340.3333333333333,240.16666666666666
Uttar Pradesh,Etah,1.6017266857491497,1.7136597466368162,3.9290322580645163,758.0,620.7142857142857
Uttar Pradesh,Hathras,1.5942409298113975,1.3647459503168788,3.4607046070460705,783.0,432.6666666666667
Jharkhand,Seraikela-Kharsawan,1.5937403845131919,0.9969067614392865,3.0634146341463415,452.75,319.25
Tripura,Unakoti,1.5930224903416534,1.555188737006078,4.146341463414634,65.8,35.8
Orissa,Koraput,1.5875,1.5101738310538957,3.75,7.75,6.25
Rajasthan,Pratapgarh,1.5872506327251474,0.7488991387407106,2.6091370558375635,402.0,283.25
Assam,Udalguri,1.5810559578670176,1.8266401216589316,5.0,197.14285714285714,188.85714285714286
Uttar Pradesh,Kanpur Dehat,1.5728592284611949,1.3280366614677788,3.145945945945946,956.8333333333334,633.6666666666666
Rajasthan,Sawai Madhopur,1.5715902128009906,1.077073314996846,3.347560975609756,624.8,416.6
West Bengal,Kalimpong,1.5660669665167415,1.8385380191599496,5.0,26.333333333333332,30.666666666666668
Uttar Pradesh,Jhansi,1.5653295857722305,1.3044391525895103,3.625730994152047,850.2,503.8
Bihar,Bhagalpur,1.561613874435594,1.647834391662409,5.0,1709.4444444444443,1136.5555555555557
Bihar,Darbhanga,1.5591865648782988,1.3274689187630282,3.639952153110048,1893.2,1135.4
Orissa,Sundargarh,1.5589285714285714,2.30673647460331,5.0,4.75,4.5
Uttar Pradesh,Budaun,1.5578184563894721,1.5334005791999648,3.970149253731343,1374.5,925.875
Assam,Goalpara,1.551129821484554,1.7080092243142384,5.0,444.625,277.5
Assam,Biswanath,1.5486169910023486,1.432195322420671,3.8983050847457625,123.4,92.8
Jharkhand,Lohardaga,1.5444253861661668,1.8678133602430578,5.0,200.0,153.16666666666666
Jharkhand,Deoghar,1.5344778251986035,1.8354111140484015,5.0,670.3333333333334,613.1666666666666
Uttar Pradesh,Deoria,1.5332574329607749,1.3615471215087194,3.5689900426742533,1701.1666666666667,907.1666666666666
Uttar Pradesh,Kannauj,1.5262204510003052,1.2312669607021787,3.365284974093264,1008.2,691.0
Uttar Pradesh,Amroha,1.5252499173846286,1.356258282700008,3.2410501193317423,814.1666666666666,412.6666666666667
Tamil Nadu,Thiruvallur,1.5235449735449735,1.170339095135957,3.25,20.8,26.8
Mizoram,Mammit,1.5208333333333333,1.0282468899377555,2.25,5.5,2.0
Assam,Dibrugarh,1.5180345294280062,1.8317399673326877,5.0,208.22222222222223,186.11111111111111
Assam,Nalbari,1.5145886249648879,1.6293183917722003,4.220183486238532,262.3333333333333,162.83333333333334
Assam,Kamrup,1.5037463971432767,1.8703983643377078,5.0,362.8888888888889,374.44444444444446
Mizoram,Hnahthial,1.5,0.7071067811865476,2.0,1.5,0.0
Andaman & Nicobar Islands,South Andaman,1.5,1.0,3.0,1.5,0.0
Arunachal Pradesh,Leparada,1.5,1.3228756555322954,3.0,2.0,0.6666666666666666
West Bengal,South Dinajpur,1.4941666666666666,1.4463546130415827,3.625,19.75,17.75
Sikkim,West Sikkim,1.4784422296050204,1.8383324415486453,5.0,21.833333333333332,42.666666666666664
Gujarat,Banaskantha,1.4734107491497799,1.26630743401997,3.7207392197125255,965.5,963.5
Madhya Pradesh,Khargone,1.4600833152314032,1.3498586881661117,4.159090909090909,460.25,582.875
Rajasthan,Bhilwara,1.4374895051402081,1.4511942724593094,3.862669245647969,847.8333333333334,505.8333333333333
Gujarat,Surendra Nagar,1.4358882280202447,1.472152488612928,4.194630872483222,317.6666666666667,277.5
Rajasthan,Nagaur,1.4358647810852172,1.3077946471114745,3.4591439688715955,1035.7142857142858,777.2857142857143
West Bengal,Nadia,1.4346433929267044,1.8132245502330677,5.0,988.875,453.0
Assam,Kokrajhar,1.4336509746450483,1.6736631419425372,5.0,214.22222222222223,174.66666666666666
Madhya Pradesh,Burhanpur,1.4331613407036001,1.6965377156220633,5.0,311.875,344.875
Bihar,Sheohar,1.4323634862514725,0.17096260054409237,1.6201780415430267,426.0,296.0
Uttar Pradesh,Farrukhabad,1.4286256634202554,0.957006516799808,2.393509127789047,1038.8,588.8
Jharkhand,Koderma,1.4189572812988822,1.0850109808823996,3.022727272727273,337.0,278.5
Uttar Pradesh,Ambedkar Nagar,1.410605636401225,1.0707778460143593,2.9558823529411766,1261.0,819.2
Jharkhand,Jamtara,1.4085526511288737,1.4090951847278792,3.518292682926829,341.0,318.5
Uttar Pradesh,Sambhal,1.4080641442436064,0.9192620777918933,2.484181568088033,1291.6,763.2
Jharkhand,Godda,1.4016155886190638,1.359593837884369,3.6066666666666665,616.6,427.0
Assam,Dhemaji,1.3977148255605703,1.671479613133451,5.0,214.11111111111111,205.11111111111111
Jharkhand,Ranchi,1.3963300727962777,1.6863285092356801,5.0,827.2857142857143,659.0
Bihar,Katihar,1.3935093572791828,1.3908551868376193,3.618155619596542,1288.0,817.1666666666666
Rajasthan,Banswara,1.3928376140161867,0.7040498483614737,2.3121495327102806,930.75,757.5
Rajasthan,Jodhpur,1.3883235749108371,0.6599972733259314,2.551422319474836,1043.125,840.5
Jharkhand,Gumla,1.3879544589123796,1.8608615350784765,5.0,549.6666666666666,420.6666666666667
Jammu And Kashmir,Reasi,1.3846854160659332,1.2209233794878966,3.2134831460674156,165.25,142.5
Madhya Pradesh,West Nimar,1.3845912707981674,0.47459495111022887,2.076923076923077,47.0,34.0
Bihar,Purnea,1.3828067765567766,1.4016194663974153,3.4166666666666665,25.5,22.0
Assam,Baksa,1.3799795064163085,1.8541068375195258,5.0,149.55555555555554,131.0
Uttar Pradesh,Baghpat,1.3735471342300107,1.316565705436027,3.2533333333333334,580.8571428571429,457.57142857142856
Madhya Pradesh,Narsimhapur,1.3710278085998255,0.7285476849600974,2.388888888888889,66.5,55.75
Chhattisgarh,Sukma,1.3640771480175453,1.4180347853385808,3.1454545454545455,178.42857142857142,114.85714285714286
Uttarakhand,Hardwar,1.3523809523809525,1.3367077481373637,3.3333333333333335,8.0,7.0
Arunachal Pradesh,Longding,1.3475694444444444,2.0623507299613015,5.0,43.6,143.8
Uttar Pradesh,Gorakhpur,1.3387946117551173,1.7017000486154081,5.0,2008.7777777777778,1343.3333333333333
Orissa,Subarnapur,1.3333333333333333,2.3094010767585034,4.0,1.3333333333333333,0.0
Puducherry,Yanam,1.3333333333333333,1.1547005383792517,2.0,2.0,0.3333333333333333
Jharkhand,Dhanbad,1.3295841062712561,1.379244488457545,3.644385026737968,840.0,812.2
Uttar Pradesh,Shahjahanpur,1.3266269426474522,1.3550029773506482,4.049618320610687,1453.5,1379.125
Sikkim,South Sikkim,1.3254610886189833,1.8671614181549079,5.0,15.833333333333334,41.166666666666664
Uttar Pradesh,Kanpur Nagar,1.3153789533331033,1.5527510454958355,5.0,1507.4444444444443,1400.6666666666667
Rajasthan,Udaipur,1.3151837971672604,1.0405625371394454,3.0625,1032.6666666666667,1012.1666666666666
Rajasthan,Chittaurgarh,1.3048013663967613,0.4293128072061441,1.9,21.5,17.5
Madhya Pradesh,Agar Malwa,1.2904296514844182,0.8936086082563269,2.588235294117647,124.0,105.25
West Bengal,Maldah,1.2891112891851662,1.1061462537564926,2.9054054054054053,142.0,141.5
Nagaland,Longleng,1.2824596632142604,1.684224573697055,4.166666666666667,22.0,106.0
Jharkhand,West Singhbhum,1.2767491931584019,0.8971591995752599,2.405835543766578,652.4,517.8
Punjab,S.A.S Nagar(Mohali),1.276736111111111,0.6677338824776244,1.8,12.5,9.0
Bihar,Buxar,1.2687241260658968,0.5870057621441097,2.0864197530864197,1347.75,1162.0
Bihar,Muzaffarpur,1.2563132547716422,1.6944203627373413,5.0,1771.0,1567.0
Gujarat,Sabar Kantha,1.2552380952380955,0.9546971834137464,2.2,8.2,239.4
Uttar Pradesh,Kushinagar *,1.25,0.9574271077563381,2.0,1.5,0.25
Orissa,Mayurbhanj,1.25,0.5,2.0,1.5,0.25
Chhattisgarh,Janjgir Champa,1.25,1.892969448600091,4.0,1.25,1.0
Karnataka,Chamarajanagar *,1.25,1.5,3.0,1.25,0.0
Nagaland,Zunheboto,1.2493998355713896,2.1091511368072817,5.0,33.6,116.6
Uttar Pradesh,Unnao,1.2454913464936013,1.6208930366747,5.0,1015.6666666666666,993.6666666666666
Manipur,Pherzawl,1.244047619047619,1.5482141712894266,3.3333333333333335,3.5,2.5
Rajasthan,Barmer,1.243841496867948,0.7001188727593486,2.165525114155251,1027.8,1046.6
Uttar Pradesh,Maharajganj,1.2434825277379795,1.644189271860711,5.0,1301.3333333333333,1251.6666666666667
Bihar,Samastipur,1.2410161542574083,0.8722363338208947,2.4081130915795943,2212.6,1557.4
Bihar,Madhepura,1.2409279051178452,0.37700331584217467,1.6595348837209303,1328.0,1104.25
Uttar Pradesh,Chitrakoot,1.2381227729218298,0.5479088572644717,1.874529485570891,792.5,609.0
Uttar Pradesh,Banda,1.2350870470207163,1.6598488378449139,5.0,587.2222222222222,618.1111111111111
Rajasthan,Dungarpur,1.2302608247376465,1.1115787893680182,3.0,678.0,529.8
Jharkhand,East Singhbhum,1.2261682146012047,1.389906120666567,3.7552447552447554,499.6666666666667,351.5
Uttar Pradesh,Chandauli,1.2195306994909052,1.4417808035496495,3.7577197149643706,956.875,623.25
Manipur,Churachandpur,1.2123172285948696,1.5208504707061916,3.9298245614035086,246.85714285714286,467.7142857142857
Bihar,Patna,1.2098247582426447,1.6540811507366167,5.0,2325.6666666666665,1905.6666666666667
West Bengal,Jalpaiguri,1.203733462746084,1.480257356755526,3.5871559633027523,952.625,555.25
Assam,Cachar,1.2013314936116564,1.3660218726593145,3.7846715328467155,549.1428571428571,644.7142857142857
Bihar,Lakhisarai,1.201193978518375,1.0641352710058718,2.7164556962025315,550.6666666666666,570.5
Madhya Pradesh,Sheopur,1.1924452616763583,0.8324217437652934,2.668213457076566,576.0,475.14285714285717
Uttar Pradesh,Jalaun,1.1890521252378676,1.1470575365666655,3.064625850340136,621.6666666666666,440.1666666666667
West Bengal,North Dinajpur,1.183298319327731,0.7347484469853836,2.25,21.5,19.75
Maharashtra,Raigarh(Mh),1.175,1.3865424623862048,3.0,2.0,4.0
Gujarat,Dahod,1.172917253519677,1.459763868470698,3.90625,454.1666666666667,648.5
Bihar,Aurangabad,1.1718458990901262,0.5352796662845699,1.9683954619124797,1939.25,1774.0
Jammu & Kashmir,Baramula,1.1666666666666665,1.0801234497346435,2.5,2.5,1.0
Uttar Pradesh,Basti,1.1650328871678326,0.8256873271194374,2.169135802469136,1440.6,1043.2
Bihar,Sheikhpura,1.1565218248458882,0.7892492703858367,2.20863309352518,459.0,483.5
Assam,Sonitpur,1.1513450256020217,1.6734988211201767,5.0,351.3333333333333,302.55555555555554
Bihar,Sitamarhi,1.1378735453062878,1.4203568995629148,4.3672883787661405,1405.0,2095.1111111111113
Jharkhand,Giridih,1.1333815485426029,1.011908027191283,2.762962962962963,1455.0,1305.2
Bihar,Madhubani,1.1289551235551032,1.625339724995765,5.0,1509.6666666666667,1392.6666666666667
Jharkhand,Sahibganj,1.1279838022165387,1.041700099904694,2.6666666666666665,34.25,44.5
West Bengal,Darjeeling,1.12443984851489,1.5555927414115096,4.319018404907975,276.125,322.375
Orissa,Anugul,1.1,0.3377485367460148,1.4,3.75,2.25
Bihar,Supaul,1.0917841133571924,0.4494265216237687,1.7287581699346406,1197.0,1140.75
Uttar Pradesh,Fatehpur,1.087737229307903,1.3037504903812447,3.3883495145631066,950.5,697.75
Uttar Pradesh,Meerut,1.0869002918328343,1.1936835677005238,3.852760736196319,1334.625,1199.75
Nagaland,Tuensang,1.086532441714367,1.1441221363500655,2.727272727272727,59.0,163.83333333333334
Jharkhand,Khunti,1.0816225216696085,1.3636905739579632,3.6893203883495147,173.16666666666666,195.5
Uttar Pradesh,Gonda,1.0806237000229808,0.955784640728914,2.488219895287958,1446.1666666666667,1249.0
West Bengal,West Midnapore,1.0720320347619896,0.9312364039792943,2.4477611940298507,113.75,135.0
Nagaland,Dimapur,1.06105512444375,1.7321553751027658,5.0,70.125,225.25
Punjab,Nawanshahr,1.0550324675324676,0.41035514643769816,1.6,6.75,5.75
Assam,Tinsukia,1.052358745217853,1.1931955538316277,2.91812865497076,250.0,358.375
Madhya Pradesh,Harda *,1.0513020833333333,0.6047897738660242,1.8,22.25,26.75
Jammu And Kashmir,Doda,1.0412312074632208,1.4363881148405722,3.546511627906977,141.2,204.6
Uttar Pradesh,Bahraich,1.0314223936725104,1.641022356074241,5.0,1155.6666666666667,2484.4444444444443
Meghalaya,South West Garo Hills,1.0208691322346324,1.705735316796631,5.0,48.375,207.0
Meghalaya,West Khasi Hills,1.0208552484497628,1.655649425105443,5.0,147.88888888888889,908.6666666666666
Maharashtra,Dhule,1.0167678294861786,1.246814808792007,3.1857142857142855,455.85714285714283,691.7142857142857
Uttar Pradesh,Sultanpur,1.0141935599147733,1.3194475576602234,3.685220729366603,1008.25,729.625
Chhattisgarh,Bijapur,1.0097809299782328,1.5946343962254652,5.0,126.33333333333333,195.66666666666666
Jammu & Kashmir,Leh (Ladakh),1.0,1.4142135623730951,2.0,1.0,0.0
West Bengal,South 24 Pargana,1.0,1.4142135623730951,2.0,1.0,0.5
Mizoram,Saitual,1.0,0.816496580927726,2.0,2.0,0.75
Karnataka,Bengaluru Rural,1.0,1.1547005383792515,2.0,1.5,182.5
Jammu & Kashmir,Kathua,1.0,1.7320508075688772,3.0,1.0,0.0
Rajasthan,Jaisalmer,0.9977859905659706,0.9437499201455951,2.503030303030303,211.8,224.0
Mizoram,Lawngtlai,0.9931594143566533,0.9341476173078084,2.7222222222222223,41.42857142857143,54.42857142857143
Uttar Pradesh,Hardoi,0.9863833640307402,0.9240705342774386,2.4047878128400435,1555.1666666666667,2048.3333333333335
Bihar,Araria,0.9842281060320287,0.9852110612407083,2.6,1037.8333333333333,919.1666666666666
Delhi,North East,0.9730271580199261,0.6169678537659936,1.8571428571428572,84.25,102.0
Maharashtra,Bid,0.971256038647343,0.16408132732350184,1.173913043478261,30.5,32.25
Jharkhand,Pashchimi Singhbhum,0.9546703046199113,0.844717470816291,2.2162162162162162,48.75,63.0
Mizoram,Saiha,0.9505012531328321,1.0080696975145202,2.6315789473684212,18.0,30.166666666666668
Bihar,Kaimur (Bhabua),0.9492522050942955,1.1784619742640716,2.959227467811159,577.0,588.375
Gujarat,Panch Mahals,0.9466666666666667,0.8047083667736751,2.0,3.0,88.8
Jharkhand,Chatra,0.9377289883102203,0.9488289644410148,2.574786324786325,536.3333333333334,469.8333333333333
Assam,Kamrup Metro,0.9372622253240426,1.530952041921651,4.504761904761905,216.125,256.875
Meghalaya,Ri Bhoi,0.9360345967495728,1.6107710773630657,5.0,96.22222222222223,510.8888888888889
Assam,Jorhat,0.9356157627549063,1.2729020995167195,3.5714285714285716,118.25,140.25
Madhya Pradesh,Shivpuri,0.9348891525331142,0.7721556296025289,1.9121813031161472,690.8571428571429,695.2857142857143
West Bengal,South Twenty Four Parganas,0.9265135293649069,0.8364985035785026,2.171641791044776,200.5,281.25
Assam,Karbi Anglong,0.9238194532493594,1.0217145560669083,2.793296089385475,293.8333333333333,684.5
Bihar,Banka,0.9117267490099935,0.7979998003897948,1.9883720930232558,889.0,799.5
Nagaland,Mon,0.9066028328138249,1.0236467275319812,2.7083333333333335,112.5,239.0
Assam,Darrang,0.905288802828834,1.035914265250749,2.645669291338583,315.75,239.25
Meghalaya,East Khasi Hills,0.902504678304097,1.6415684564816346,5.0,208.44444444444446,1622.888888888889
Andaman & Nicobar Islands,Andamans,0.9,0.8406346808612327,2.0,1.75,1.25
Uttar Pradesh,Shrawasti,0.8937995500208471,0.8116650491910371,2.1243523316062176,521.5,525.1666666666666
Sikkim,Namchi,0.8833333333333333,0.8225975119502045,2.0,1.5,1.75
Himachal Pradesh,Lahul & Spiti,0.875,1.181453906563152,2.5,1.5,0.5
Uttar Pradesh,Varanasi,0.8674001074245956,1.1246600799580517,3.164027149321267,1355.375,1675.5
West Bengal,Bardhaman,0.8633243125986828,0.7615668435109167,2.0,76.25,107.0
Assam,North Cachar Hills,0.8527604713308472,0.903774452092155,2.391304347826087,37.666666666666664,70.0
Bihar,Nalanda,0.8517030106002134,0.8234177085020254,2.1900065746219592,1583.6666666666667,1793.8333333333333
Mizoram,Khawzawl,0.85,0.5066228051190221,1.5,2.0,1.75
West Bengal,North Twenty Four Parganas,0.8392629928743108,0.7104485763745173,1.8653846153846154,69.75,99.75
Nagaland,Mokokchung,0.8344497948992331,0.6327212475838849,1.5238095238095237,30.2,63.0
Orissa,Kendujhar,0.8333333333333333,0.5773502691896257,1.3333333333333333,3.0,2.5
Bihar,Vaishali,0.8321712852902342,0.7007359779773326,1.9222929936305733,1760.4,1939.6
Gujarat,Ahmadabad,0.8246173413578708,0.6613716540736334,1.4224137931034482,53.333333333333336,387.0
Bihar,Purnia,0.8090413772159722,0.9272474922125757,2.381205673758865,1036.142857142857,1103.0
Uttar Pradesh,Azamgarh,0.7853341751863201,0.8448364134808267,2.116157855547282,1980.142857142857,1939.5714285714287
Bihar,West Champaran,0.78395633466878,0.7129607097147733,1.8602459016393442,2165.6666666666665,3011.6666666666665
Uttar Pradesh,Siddharthnagar,0.7821038482087544,0.7353695292368896,1.8547826086956523,1274.0,1456.5
Jharkhand,Purbi Singhbhum,0.7499472624032484,0.9348939397801225,2.15,21.5,43.0
Assam,West Karbi Anglong,0.7493587047939445,1.7298670213305065,5.0,12.0,123.375
Bihar,East Champaran,0.746417148529725,0.677186130025718,1.7692878338278932,2342.0,3061.8333333333335
Assam,Dima Hasao,0.7455808080808081,1.5963155189840674,4.0,2.6666666666666665,17.166666666666668
Bihar,Munger,0.7447017176471861,0.8079337458593135,2.103921568627451,448.14285714285717,504.85714285714283
Jharkhand,Dumka,0.7347201794867484,0.9523186025454073,2.6785714285714284,426.2857142857143,428.0
Assam,Karimganj,0.7342475467318094,0.9901757658961714,2.7632743362831858,446.0,612.875
Bihar,Jehanabad,0.7328471774794648,0.6976027901523942,1.8430717863105175,567.5,637.8333333333334
Meghalaya,West Jaintia Hills,0.7306754423155789,1.6153906447092672,5.0,99.77777777777777,626.2222222222222
Uttar Pradesh,Mahrajganj,0.7291666666666666,0.8907315969346645,2.0,1.75,2.25
Bihar,Jamui,0.7258357976044104,0.8882425281044362,2.4517304189435336,575.7142857142857,718.4285714285714
Orissa,Rayagada,0.7192307692307692,0.652366349563949,1.5,5.75,8.75
Uttar Pradesh,Barabanki,0.7174086024653764,0.6480395307789754,1.76,32.2,184.4
West  Bengal,Hooghly,0.7000000000000001,0.2645751311064591,1.0,2.0,2.0
Uttar Pradesh,Mainpuri,0.6998069282243184,0.7793456473972183,2.079192546583851,728.4285714285714,926.1428571428571
Nagaland,Kiphire,0.690601703081785,0.9984778790054494,2.4375,40.2,138.6
Bihar,Bhojpur,0.6878126178280892,0.4511210459301378,1.2455708661417322,1603.8,2023.0
Uttar Pradesh,Sitapur,0.6524764107373358,0.7713146287989887,2.046218487394958,1154.375,1733.625
Bihar,Siwan,0.6405060675199294,0.7864785737699457,2.179985063480209,1137.5714285714287,1289.2857142857142
Rajasthan,Sirohi,0.638284707759388,0.5156735864326308,1.4473684210526316,379.25,606.625
Uttar Pradesh,Kheri,0.6381313863391698,0.8904850087645613,2.5555555555555554,1172.375,1605.125
Jharkhand,Garhwa *,0.6351411997963723,0.17079196033741073,0.7692307692307693,11.0,16.75
Nagaland,Phek,0.6332185952185952,0.9682082390949293,2.3333333333333335,28.0,139.0
Assam,Golaghat,0.6254525656271948,0.7474073289120042,2.0157894736842104,176.375,505.875
Gujarat,Banas Kantha,0.6140350877192982,0.7797977550829839,2.0,4.714285714285714,959.8571428571429
Maharashtra,Mumbai( Sub Urban ),0.6139686337054758,0.39773510611826085,1.0,12.75,19.75
Gujarat,Surendranagar,0.6119047619047618,0.60019365733391,1.25,3.8,118.6
Madhya Pradesh,Jhabua,0.600893548028765,0.7592965689327326,2.3105134474327627,378.375,821.25
Gujarat,Dohad,0.5948360928482094,0.5877411058689788,1.4666666666666666,45.0,1047.142857142857
Meghalaya,East Jaintia Hills,0.5820471324160441,0.9742038073626917,2.875,34.0,294.25
Bihar,Gopalganj,0.5776374247511968,0.6157306001934549,1.5894245723172629,842.2857142857143,1378.4285714285713
Bihar,Saharsa,0.5712384432397422,0.6187934544928444,1.616869918699187,694.1428571428571,939.5714285714286
Nagaland,Kohima,0.5643976051028164,0.5790004122245624,1.4736842105263157,38.0,158.66666666666666
Meghalaya,West Garo Hills,0.5544049793778391,0.8496190556828461,2.4698795180722892,106.75,848.75
Madhya Pradesh,East Nimar,0.5439231649989881,0.4932101573485344,1.3214285714285714,139.4,300.0
Bihar,Gaya,0.5438247211434394,0.6222248543217822,1.468621885840429,1764.625,2530.5
Delhi,Najafgarh,0.5416666666666667,0.9753916592266354,2.0,2.25,2.25
Maharashtra,Washim *,0.5416666666666667,0.7861650943380505,1.6666666666666667,1.5,1.0
Bihar,Nawada,0.5373833764774117,0.4558408493552376,1.2265571526351813,1093.2,2476.0
Uttar Pradesh,Bulandshahar,0.5192129629629629,0.6323757177136938,1.4444444444444444,7.0,17.5
Bihar,Arwal,0.5029459317436756,0.49605590461601456,1.3144208037825058,279.0,503.3333333333333
West Bengal,Koch Bihar,0.5028878694265912,0.3404935619078429,0.9528301886792453,106.75,277.75
Nagaland,Shamator,0.5001549249836921,0.6452125940217533,1.45,12.75,55.25
Chandigarh,Rupnagar,0.5,0.7071067811865476,1.0,0.5,0.0
Bihar,Saran,0.4934977074474448,0.5358089542512183,1.4167283493708365,1584.7142857142858,2343.8571428571427
Uttar Pradesh,Balrampur,0.49201555257111856,0.5599742229694086,1.4857768052516411,581.7142857142857,1129.5714285714287
West Bengal,Haora,0.49095202882678757,0.3823944338286242,1.05,88.5,229.25
Bihar,Purba Champaran,0.48209541881268636,0.6352632021124549,1.4285714285714286,4.75,16.5
West Bengal,Darjiling,0.4792411854879918,0.5185493267543367,1.2307692307692308,14.5,47.25
West Bengal,Kolkata,0.47327597915727443,0.6691320493097992,1.9373776908023483,364.375,576.375
Madhya Pradesh,Alirajpur,0.46313768955155055,0.6311709559787299,1.8038585209003215,187.125,423.75
Kerala,Kasargod,0.4583333333333333,0.2261904761904762,0.7142857142857143,8.5,16.0
Meghalaya,South West Khasi Hills,0.4570385802995667,0.5595666447359188,1.4642857142857142,34.375,192.875
Meghalaya,Eastern West Khasi Hills,0.4438461407146227,0.6856214488144315,1.4705882352941178,12.25,56.5
Uttar Pradesh,Sant Ravidas Nagar Bhadohi,0.4372205022359821,0.26830859183295913,0.6666666666666666,5.0,11.75
Rajasthan,Jalor,0.4074471538527707,0.2999896389228367,0.8437768240343347,511.6,1175.0
Bihar,Aurangabad(Bh),0.4011904761904762,0.31535112825101996,0.8666666666666667,6.5,16.0
Nagaland,Wokha,0.3816939525559639,0.31090946945193865,0.75,12.4,82.0
Nagaland,Tseminyu,0.38125,0.10282468899377556,0.5,1.75,3.75
Orissa,Jagatsinghapur,0.375,0.4787135538781691,1.0,0.75,1.0
Jammu & Kashmir,Jammu,0.375,0.26299556396765833,0.6,1.5,2.5
Nagaland,Noklak,0.35213154406121355,0.29900015553679227,0.6842105263157895,12.4,49.2
Meghalaya,South Garo Hills,0.3456337190462492,0.7263322488740555,2.111111111111111,20.625,303.375
Bihar,Pashchim Champaran,0.3281004709576138,0.34914565980605355,0.8571428571428571,3.2857142857142856,1533.857142857143
West Bengal,Hugli,0.32723214285714286,0.1898989113017909,0.5,4.0,11.5
Bihar,Samstipur,0.29704067861962596,0.21658992382618117,0.5714285714285714,2.5,10.25
Meghalaya,East Garo Hills,0.29238147605083087,0.5567256580083432,1.6363636363636365,21.375,420.75
Nagaland,Meluri,0.2857142857142857,0.49487165930539345,0.8571428571428571,2.0,4.333333333333333
Rajasthan,Dhaulpur,0.28190273778509073,0.160577904358097,0.46153846153846156,3.75,11.5
West Bangal,Hooghly,0.25,0.5,1.0,0.25,0.25
Bihar,Bhabua,0.25,0.28867513459481287,0.5,1.25,4.25
West Bangal,Howrah,0.25,0.3535533905932738,0.5,0.5,1.0
Uttar Pradesh,Jyotiba Phule Nagar,0.24107142857142858,0.33677012285275326,0.7142857142857143,1.5,5.75
Meghalaya,North Garo Hills,0.20868576750929693,0.2529598792526363,0.6764705882352942,19.142857142857142,264.85714285714283
Uttar Pradesh,Raebareli,0.16666666666666666,0.23570226039551584,0.3333333333333333,0.5,1.5
Bihar,Monghyr,0.08571428571428572,0.10168645954315536,0.2,0.5,5.0
Pondicherry,Yanam,0.08333333333333333,0.16666666666666666,0.3333333333333333,0.25,0.5
Bihar,Sheikpura,0.03125,0.0625,0.125,0.25,4.5
Maharashtra,Nandurbar *,0.0,0.0,0.0,0.0,8.25
Jammu & Kashmir,Doda,0.0,,0.0,0.0,0.0
Jammu & Kashmir,Kargil,0.0,0.0,0.0,0.0,0.6666666666666666
West Bengal,East Midnapur,0.0,,0.0,0.0,0.0
West Bengal,Dinajpur Dakshin,0.0,,0.0,0.0,256.0
West Bengal,Medinipur West,0.0,0.0,0.0,0.0,150.0
West Bengal,Dinajpur Uttar,0.0,0.0,0.0,0.0,1619.6666666666667
West Bengal,Hawrah,0.0,0.0,0.0,0.0,1.5
West Bengal,Hooghiy,0.0,,0.0,0.0,0.0
Maharashtra,Hingoli *,0.0,,0.0,0.0,0.0
Andhra Pradesh,Spsr Nellore,0.0,0.0,0.0,0.0,237.66666666666666
Chhattisgarh,Gaurella Pendra Marwahi,0.0,0.0,0.0,0.0,145.0
Tamil Nadu,Kanchipuram,0.0,0.0,0.0,0.0,22.25
Delhi,North East   *,0.0,,0.0,0.0,0.0
Karnataka,Udupi *,0.0,,0.0,0.0,0.0
Tamil Nadu,Tuticorin,0.0,0.0,0.0,0.0,0.5
Karnataka,Ramanagara,0.0,,0.0,0.0,24.0
Bihar,Purbi Champaran,0.0,0.0,0.0,0.0,3357.0
Tamil Nadu,Tiruvarur,0.0,,0.0,0.0,0.0
Odisha,Anugal,0.0,0.0,0.0,0.0,1.0
Karnataka,Bijapur(Kar),0.0,0.0,0.0,0.0,0.0
Jammu & Kashmir,Punch,0.0,,0.0,0.0,0.0
Jammu & Kashmir,Pulwama,0.0,0.0,0.0,0.0,0.0
Andhra Pradesh,Visakhapatanam,0.0,,0.0,0.0,28.0
Maharashtra,Ahmednagar,0.0,,0.0,0.0,158.0
100000,100000,0.0,0.0,0.0,0.0,0.25
The Dadra And Nagar Haveli And Daman And Diu,Dadra And Nagar Haveli,0.0,0.0,0.0,0.0,70.5
Punjab,S.A.S Nagar,0.0,0.0,0.0,0.0,82.0
Jammu And Kashmir,Shopian,0.0,,0.0,0.0,84.0
Orissa,Baudh,0.0,0.0,0.0,0.0,0.0
Orissa,Debagarh,0.0,0.0,0.0,0.0,0.0
Orissa,Sundergarh,0.0,,0.0,0.0,1.0
Jammu & Kashmir,Kupwara,0.0,0.0,0.0,0.0,0.3333333333333333
Telangana,Medchal?Malkajgiri,0.0,0.0,0.0,0.0,0.5
Telangana,Medchal Malkajgiri,0.0,0.0,0.0,0.0,132.5
Jharkhand,East Singhbum,0.0,,0.0,0.0,546.0
Jharkhand,Bokaro *,0.0,0.0,0.0,0.0,0.0
Karnataka,Bengaluru Urban,0.0,0.0,0.0,0.0,2389.0
Telangana,Ranga Reddy,0.0,,0.0,0.0,93.0
Uttar Pradesh,Bagpat,0.0,,0.0,0.0,1.0
Assam,Sivasagar,0.0,0.0,0.0,0.0,56.5
Uttar Pradesh,Kushi Nagar,0.0,,0.0,0.0,777.0
Orissa,Nuapada,0.0,0.0,0.0,0.0,0.0
Gujarat,Dang,0.0,0.0,0.0,0.0,89.5
Orissa,Khorda,0.0,0.0,0.0,0.0,0.5
Orissa,Kendrapara *,0.0,,0.0,0.0,0.0
Orissa,Kalahandi,0.0,0.0,0.0,0.0,0.0
Orissa,Gajapati,0.0,0.0,0.0,0.0,0.0
Meghalaya,Jaintia Hills,0.0,,0.0,0.0,0.0
Odisha,Nabarangpur,0.0,,0.0,0.0,103.0
Orissa,Baleswar,0.0,0.0,0.0,0.0,0.5
Madhya Pradesh,Ashoknagar,0.0,0.0,0.0,0.0,661.5
Haryana,Gurugram,0.0,0.0,0.0,0.0,208.33333333333334
Haryana,Nuh,0.0,,0.0,0.0,213.0
Tamil Nadu,Namakkal   *,0.0,,0.0,0.0,1.0
Haryana,Jhajjar *,0.0,,0.0,0.0,1.0
Orissa,Nabarangapur,0.0,0.0,0.0,0.0,1.0
Uttar Pradesh,Shravasti,0.0,0.0,0.0,0.0,785.0
Meghalaya,Kamrup,0.0,,0.0,0.0,71.0
West Bengal,Burdwan,0.0,,0.0,0.0,0.0
West Bengal,Coochbehar,0.0,0.0,0.0,0.0,695.6666666666666
West Bengal,24 Paraganas North,0.0,0.0,0.0,0.0,1229.0
West Bengal,24 Paraganas South,0.0,,0.0,0.0,104.0
Uttar Pradesh,Siddharth Nagar,0.0,0.0,0.0,0.0,1293.0
Sikkim,Mangan,0.0,0.0,0.0,0.0,0.6666666666666666
Goa,Bardez,0.0,0.0,0.0,0.0,0.0
Jammu & Kashmir,Rajauri,0.0,0.0,0.0,0.0,0.5
Jammu & Kashmir,Srinagar,0.0,0.0,0.0,0.0,0.3333333333333333
Jammu & Kashmir,Udhampur,0.0,0.0,0.0,0.0,0.0
Jammu & Kashmir,Anantnag,0.0,0.0,0.0,0.0,0.5
Jammu & Kashmir,Badgam,0.0,,0.0,0.0,2.0
Jammu & Kashmir,Bandipur,0.0,0.0,0.0,0.0,0.0
West Bengal,West Medinipur,0.0,,0.0,0.0,1.0
Andaman & Nicobar Islands,Nicobars,0.0,,0.0,0.0,0.0
Westbengal,Hooghly,0.0,0.0,0.0,0.0,0.75
